doc name,page,content,text,tokens,tokens_count,pos_tags,translated_tokens,th_token_count,en_token_count,embedded_vectors
Manufactoring_and_quality_control_process,1,,"STECON
ชื่อหลักสูตร
Sino-Thai Engineering & Construction Public Company Limited
บันทืกการฝึกอบรมสําหรับแต่ละหลักสูตร
3. 316, 314 ลูกเล็ก เทโพ โมก
LAM ร า น
ชื่อองค์การที่จัดแผน 1 ครบ 1 มาน อาน
จัดวันที่
14102/67.
วิทยากร ค.ศ. 1990
ความมุ่งหมาย เพื่อเน้น และ กำชับผู้ปฏิบัติงานในท่าทาน ถูกต้อง ตามกระบวนการอย่างต่อเนื่อง
เนื้อหา
เอกสาร 6 ป
ระยะเวลา
ชั่วโมง 40
นาที
สรุปผลการ
ลายมือชื่อ
ฝึกอบรม
JF
ท
ชื่อผู้เข้ารับการฝึกอบรม
รหัส
ประจําตัว
สังกัด
หมายเหตุ
รอบเช้า
รอบบ่าย
ไม่
ผ่าน
ผ่าน
1
อาสาม
2
ql
3.
4
5.
b.
7
ร
g
10
MI
12
phyo
20
00
thip
FAS
และธง
2553 63
13 03
15
275
et
ๆม
Myo
16/02
17
กคม 59
7
1
/
/
7
விய
18 20
/
T
19.
75 por
TA 0012
F/m.
Phr
วิธีที่ใช้ประเมินผลการฝึกอบรม (อาจมีมากกว่าหนึ่งวิธีก็ได้)
D ทดสอบระหว่างฝึก E ทดสอบหลังฝึกฯ
ระยะเวลาการเข้ารับการฝึกอบรม (เกณฑ์ที่ใช้ไม่ต่ำกว่า %)
ทดสอบหลังฝึกฯ ปี สังเกตการณ์ระหว่างการฝึกอบรม
อื่นๆ (ระบุ)
บันทึกโดย..........
วันที่
สรุปผลการประเมินหลักสูตร (ถ้ามี)
บันทึกโดย............
วันที่
สรุปผลการประเมินวิทยากร (ถ้ามี)
บันทึกโดย
วันที่
(ให้นำข้อมูลไปบันทึกไว้ใน “รายงานประวัติการฝึกอบรม/ดูงานของพนักงาน” ตามความเหมาะสม)
HR-HRD002-03","['STECON', 'ชื่อ', 'หลักสูตร', 'Sino-Thai', ' ', 'Engineering', ' ', '&', ' ', 'Construction', ' ', 'Public', ' ', 'Company', ' ', 'Limited', 'บัน', 'ทืก', 'การ', 'ฝึกอบรม', 'สํา', 'หรับ', 'แต่ละ', 'หลักสูตร', '3', '.', ' ', '316', ',', ' ', '314', ' ', 'ลูก', 'เล็ก', ' ', 'เทโพ', ' ', 'โมก', 'LAM', ' ', 'ร', ' ', 'า', ' ', 'น', 'ชื่อ', 'องค์การ', 'ที่', 'จัด', 'แผน', ' ', '1', ' ', 'ครบ', ' ', '1', ' ', 'มาน', ' ', 'อาน', 'จัด', 'วันที่', '14102', '/67.', 'วิทยากร', ' ', 'ค.ศ.', ' ', '1990', 'ความมุ่งหมาย', ' ', 'เพื่อ', 'เน้น', ' ', 'และ', ' ', 'กำชับ', 'ผู้ปฏิบัติงาน', 'ใน', 'ท่า', 'ทาน', ' ', 'ถูกต้อง', ' ', 'ตาม', 'กระบวนการ', 'อย่าง', 'ต่อเนื่อง', 'เนื้อหา', 'เอกสาร', ' ', '6', ' ', 'ป', 'ระยะเวลา', 'ชั่วโมง', ' ', '40', 'นาที', 'สรุป', 'ผล', 'การ', 'ลายมือชื่อ', 'ฝึกอบรม', 'JF', 'ท', 'ชื่อ', 'ผู้', 'เข้า', 'รับ', 'การ', 'ฝึกอบรม', 'รหัส', 'ประ', 'จํา', 'ตัว', 'สังกัด', 'หมายเหตุ', 'รอบ', 'เช้า', 'รอบ', 'บ่าย', 'ไม่', 'ผ่าน', 'ผ่าน', '1', 'อา', 'สาม', '2', 'ql', '3', '.', '4', '5', '.', 'b', '.', '7', 'ร', 'g', '10', 'MI', '12', 'phyo', '20', '00', 'thip', 'FAS', 'และ', 'ธง', '2553', ' ', '63', '13', ' ', '03', '15', '275', 'et', 'ๆม', 'Myo', '16', '/02', '17', 'กค', 'ม', ' ', '59', '7', '1', '/', '/', '7', 'விய', '18', ' ', '20', '/', 'T', '19', '.', '75', ' ', 'por', 'TA', ' ', '0012', 'F', '/m.', 'Phr', 'วิธี', 'ที่', 'ใช้', 'ประเมินผล', 'การ', 'ฝึกอบรม', ' ', '(', 'อาจ', 'มี', 'มากกว่า', 'หนึ่ง', 'วิธี', 'ก็ได้', ')', 'D', ' ', 'ทดสอบ', 'ระหว่าง', 'ฝึก', ' ', 'E', ' ', 'ทดสอบ', 'หลัง', 'ฝึก', 'ฯ', 'ระยะเวลา', 'การ', 'เข้า', 'รับ', 'การ', 'ฝึกอบรม', ' ', '(', 'เกณฑ์', 'ที่', 'ใช้', 'ไม่', 'ต่ำกว่า', ' ', '%)', 'ทดสอบ', 'หลัง', 'ฝึก', 'ฯ', ' ', 'ปี', ' ', 'สังเกตการณ์', 'ระหว่าง', 'การ', 'ฝึกอบรม', 'อื่นๆ', ' ', '(', 'ระบุ', ')', 'บันทึก', 'โดย', '..........', 'วันที่', 'สรุป', 'ผล', 'การประเมิน', 'หลักสูตร', ' ', '(', 'ถ้า', 'มี', ')', 'บันทึก', 'โดย', '............', 'วันที่', 'สรุป', 'ผล', 'การประเมิน', 'วิทยากร', ' ', '(', 'ถ้า', 'มี', ')', 'บันทึก', 'โดย', 'วันที่', '(', 'ให้', 'นำ', 'ข้อมูล', 'ไป', 'บันทึก', 'ไว้', 'ใน', ' ', '“', 'รายงาน', 'ประวัติการ', 'ฝึกอบรม', '/', 'ดูงาน', 'ของ', 'พนักงาน', '”', ' ', 'ตาม', 'ความเหมาะสม', ')', 'HR-HRD', '002', '-', '03']",303,"[('STECON', 'NCMN'), ('ชื่อ', 'NCMN'), ('หลักสูตร', 'NCMN'), ('Sino-Thai', 'NCMN'), (' ', 'PUNC'), ('Engineering', 'NCMN'), (' ', 'PUNC'), ('&', 'PUNC'), (' ', 'PUNC'), ('Construction', 'NCMN'), (' ', 'PUNC'), ('Public', 'NCMN'), (' ', 'PUNC'), ('Company', 'NCMN'), (' ', 'PUNC'), ('Limited', 'NCMN'), ('บัน', 'NCMN'), ('ทืก', 'NCMN'), ('การ', 'FIXN'), ('ฝึกอบรม', 'VACT'), ('สํา', 'NCMN'), ('หรับ', 'RPRE'), ('แต่ละ', 'DIBQ'), ('หลักสูตร', 'NCMN'), ('3', 'NCNM'), ('.', 'PUNC'), (' ', 'PUNC'), ('316', 'NCNM'), (',', 'PUNC'), (' ', 'PUNC'), ('314', 'DCNM'), (' ', 'PUNC'), ('ลูก', 'CNIT'), ('เล็ก', 'VATT'), (' ', 'PUNC'), ('เทโพ', 'NCMN'), (' ', 'PUNC'), ('โมก', 'NCMN'), ('LAM', 'NCMN'), (' ', 'PUNC'), ('ร', 'NCMN'), (' ', 'PUNC'), ('า', 'NCMN'), (' ', 'PUNC'), ('น', 'NCMN'), ('ชื่อ', 'NCMN'), ('องค์การ', 'NCMN'), ('ที่', 'PREL'), ('จัด', 'VACT'), ('แผน', 'NCMN'), (' ', 'PUNC'), ('1', 'DCNM'), (' ', 'PUNC'), ('ครบ', 'CNIT'), (' ', 'PUNC'), ('1', 'DCNM'), (' ', 'PUNC'), ('มาน', 'CMTR'), (' ', 'PUNC'), ('อาน', 'NCMN'), ('จัด', 'VACT'), ('วันที่', 'NCMN'), ('14102', 'NCNM'), ('/67.', 'PUNC'), ('วิทยากร', 'NCMN'), (' ', 'PUNC'), ('ค.ศ.', 'NCMN'), (' ', 'PUNC'), ('1990', 'NCNM'), ('ความมุ่งหมาย', 'NCMN'), (' ', 'PUNC'), ('เพื่อ', 'JSBR'), ('เน้น', 'VACT'), (' ', 'PUNC'), ('และ', 'JCRG'), (' ', 'PUNC'), ('กำชับ', 'NCMN'), ('ผู้ปฏิบัติงาน', 'NCMN'), ('ใน', 'RPRE'), ('ท่า', 'NCMN'), ('ทาน', 'NCMN'), (' ', 'PUNC'), ('ถูกต้อง', 'VATT'), (' ', 'PUNC'), ('ตาม', 'RPRE'), ('กระบวนการ', 'NCMN'), ('อย่าง', 'FIXV'), ('ต่อเนื่อง', 'VSTA'), ('เนื้อหา', 'NCMN'), ('เอกสาร', 'NCMN'), (' ', 'PUNC'), ('6', 'DCNM'), (' ', 'PUNC'), ('ป', 'CNIT'), ('ระยะเวลา', 'NCMN'), ('ชั่วโมง', 'NCMN'), (' ', 'PUNC'), ('40', 'DCNM'), ('นาที', 'CMTR'), ('สรุป', 'VACT'), ('ผล', 'NCMN'), ('การ', 'FIXN'), ('ลายมือชื่อ', 'VACT'), ('ฝึกอบรม', 'VACT'), ('JF', 'NCMN'), ('ท', 'VACT'), ('ชื่อ', 'NCMN'), ('ผู้', 'PPRS'), ('เข้า', 'VACT'), ('รับ', 'VACT'), ('การ', 'FIXN'), ('ฝึกอบรม', 'VACT'), ('รหัส', 'NCMN'), ('ประ', 'NCMN'), ('จํา', 'NCMN'), ('ตัว', 'CNIT'), ('สังกัด', 'VSTA'), ('หมายเหตุ', 'NCMN'), ('รอบ', 'CFQC'), ('เช้า', 'ADVN'), ('รอบ', 'CFQC'), ('บ่าย', 'NCMN'), ('ไม่', 'NEG'), ('ผ่าน', 'VSTA'), ('ผ่าน', 'VSTA'), ('1', 'NCNM'), ('อา', 'DDBQ'), ('สาม', 'DCNM'), ('2', 'NCNM'), ('ql', 'NCMN'), ('3', 'NCNM'), ('.', 'PUNC'), ('4', 'DCNM'), ('5', 'NLBL'), ('.', 'PUNC'), ('b', 'NLBL'), ('.', 'PUNC'), ('7', 'DCNM'), ('ร', 'CNIT'), ('g', 'CMTR'), ('10', 'NCNM'), ('MI', 'CMTR'), ('12', 'NCNM'), ('phyo', 'CMTR'), ('20', 'DCNM'), ('00', 'NCNM'), ('thip', 'CNIT'), ('FAS', 'NCMN'), ('และ', 'JCRG'), ('ธง', 'NCMN'), ('2553', 'NCNM'), (' ', 'PUNC'), ('63', 'DCNM'), ('13', 'NCNM'), (' ', 'PUNC'), ('03', 'NCNM'), ('15', 'DCNM'), ('275', 'NCNM'), ('et', 'CMTR'), ('ๆม', 'CMTR'), ('Myo', 'NCMN'), ('16', 'NCNM'), ('/02', 'PUNC'), ('17', 'NCNM'), ('กค', 'PUNC'), ('ม', 'NCMN'), (' ', 'PUNC'), ('59', 'DCNM'), ('7', 'NCNM'), ('1', 'NCNM'), ('/', 'PUNC'), ('/', 'PUNC'), ('7', 'NCNM'), ('விய', 'PUNC'), ('18', 'NCNM'), (' ', 'PUNC'), ('20', 'NCNM'), ('/', 'PUNC'), ('T', 'CMTR'), ('19', 'NCNM'), ('.', 'PUNC'), ('75', 'DCNM'), (' ', 'PUNC'), ('por', 'NCMN'), ('TA', 'NCMN'), (' ', 'PUNC'), ('0012', 'NCNM'), ('F', 'NCMN'), ('/m.', 'NCMN'), ('Phr', 'NCMN'), ('วิธี', 'NCMN'), ('ที่', 'PREL'), ('ใช้', 'VACT'), ('ประเมินผล', 'VACT'), ('การ', 'FIXN'), ('ฝึกอบรม', 'VACT'), (' ', 'PUNC'), ('(', 'PUNC'), ('อาจ', 'XVMM'), ('มี', 'VSTA'), ('มากกว่า', 'NCMN'), ('หนึ่ง', 'DCNM'), ('วิธี', 'NCMN'), ('ก็ได้', 'XVAE'), (')', 'PUNC'), ('D', 'NCMN'), (' ', 'PUNC'), ('ทดสอบ', 'VACT'), ('ระหว่าง', 'RPRE'), ('ฝึก', 'NCMN'), (' ', 'PUNC'), ('E', 'NCMN'), (' ', 'PUNC'), ('ทดสอบ', 'VACT'), ('หลัง', 'RPRE'), ('ฝึก', 'NCMN'), ('ฯ', 'PUNC'), ('ระยะเวลา', 'NCMN'), ('การ', 'FIXN'), ('เข้า', 'VACT'), ('รับ', 'VACT'), ('การ', 'FIXN'), ('ฝึกอบรม', 'VACT'), (' ', 'PUNC'), ('(', 'PUNC'), ('เกณฑ์', 'NCMN'), ('ที่', 'PREL'), ('ใช้', 'VACT'), ('ไม่', 'NEG'), ('ต่ำกว่า', 'VSTA'), (' ', 'PUNC'), ('%)', 'NCMN'), ('ทดสอบ', 'VACT'), ('หลัง', 'RPRE'), ('ฝึก', 'NCMN'), ('ฯ', 'PUNC'), (' ', 'PUNC'), ('ปี', 'NCMN'), (' ', 'PUNC'), ('สังเกตการณ์', 'NCMN'), ('ระหว่าง', 'RPRE'), ('การ', 'FIXN'), ('ฝึกอบรม', 'VACT'), ('อื่นๆ', 'DIAC'), (' ', 'PUNC'), ('(', 'PUNC'), ('ระบุ', 'VACT'), (')', 'PUNC'), ('บันทึก', 'VACT'), ('โดย', 'RPRE'), ('..........', 'PUNC'), ('วันที่', 'NCMN'), ('สรุป', 'VACT'), ('ผล', 'NCMN'), ('การประเมิน', 'NCMN'), ('หลักสูตร', 'NCMN'), (' ', 'PUNC'), ('(', 'PUNC'), ('ถ้า', 'JSBR'), ('มี', 'VSTA'), (')', 'PUNC'), ('บันทึก', 'VACT'), ('โดย', 'RPRE'), ('............', 'PUNC'), ('วันที่', 'NCMN'), ('สรุป', 'VACT'), ('ผล', 'NCMN'), ('การประเมิน', 'VSTA'), ('วิทยากร', 'NCMN'), (' ', 'PUNC'), ('(', 'PUNC'), ('ถ้า', 'JSBR'), ('มี', 'VSTA'), (')', 'PUNC'), ('บันทึก', 'VACT'), ('โดย', 'RPRE'), ('วันที่', 'NCMN'), ('(', 'PUNC'), ('ให้', 'JSBR'), ('นำ', 'VACT'), ('ข้อมูล', 'NCMN'), ('ไป', 'XVAE'), ('บันทึก', 'VACT'), ('ไว้', 'XVAE'), ('ใน', 'RPRE'), (' ', 'PUNC'), ('“', 'NCMN'), ('รายงาน', 'NCMN'), ('ประวัติการ', 'NCMN'), ('ฝึกอบรม', 'VACT'), ('/', 'PUNC'), ('ดูงาน', 'VACT'), ('ของ', 'RPRE'), ('พนักงาน', 'NCMN'), ('”', 'NCMN'), (' ', 'PUNC'), ('ตาม', 'RPRE'), ('ความเหมาะสม', 'NCMN'), (')', 'PUNC'), ('HR-HRD', 'NCMN'), ('002', 'NCNM'), ('-', 'PUNC'), ('03', 'NCNM')]","[('STECON', 'eng'), ('ชื่อ', 'th'), ('หลักสูตร', 'th'), ('Sino-Thai', 'eng'), (' ', 'th'), ('Engineering', 'eng'), (' ', 'th'), ('&', 'th'), (' ', 'th'), ('Construction', 'eng'), (' ', 'th'), ('Public', 'eng'), (' ', 'th'), ('Company', 'eng'), (' ', 'th'), ('Limited', 'eng'), ('บัน', 'th'), ('ทืก', 'th'), ('การ', 'th'), ('ฝึกอบรม', 'th'), ('สํา', 'th'), ('หรับ', 'th'), ('แต่ละ', 'th'), ('หลักสูตร', 'th'), ('3', 'eng'), ('.', 'th'), (' ', 'th'), ('316', 'eng'), (',', 'th'), (' ', 'th'), ('314', 'eng'), (' ', 'th'), ('ลูก', 'th'), ('เล็ก', 'th'), (' ', 'th'), ('เทโพ', 'th'), (' ', 'th'), ('โมก', 'th'), ('LAM', 'eng'), (' ', 'th'), ('ร', 'th'), (' ', 'th'), ('า', 'th'), (' ', 'th'), ('น', 'th'), ('ชื่อ', 'th'), ('องค์การ', 'th'), ('ที่', 'th'), ('จัด', 'th'), ('แผน', 'th'), (' ', 'th'), ('1', 'eng'), (' ', 'th'), ('ครบ', 'th'), (' ', 'th'), ('1', 'eng'), (' ', 'th'), ('มาน', 'th'), (' ', 'th'), ('อาน', 'th'), ('จัด', 'th'), ('วันที่', 'th'), ('14102', 'eng'), ('/67.', 'eng'), ('วิทยากร', 'th'), (' ', 'th'), ('ค.ศ.', 'th'), (' ', 'th'), ('1990', 'eng'), ('ความมุ่งหมาย', 'th'), (' ', 'th'), ('เพื่อ', 'th'), ('เน้น', 'th'), (' ', 'th'), ('และ', 'th'), (' ', 'th'), ('กำชับ', 'th'), ('ผู้ปฏิบัติงาน', 'th'), ('ใน', 'th'), ('ท่า', 'th'), ('ทาน', 'th'), (' ', 'th'), ('ถูกต้อง', 'th'), (' ', 'th'), ('ตาม', 'th'), ('กระบวนการ', 'th'), ('อย่าง', 'th'), ('ต่อเนื่อง', 'th'), ('เนื้อหา', 'th'), ('เอกสาร', 'th'), (' ', 'th'), ('6', 'eng'), (' ', 'th'), ('ป', 'th'), ('ระยะเวลา', 'th'), ('ชั่วโมง', 'th'), (' ', 'th'), ('40', 'eng'), ('นาที', 'th'), ('สรุป', 'th'), ('ผล', 'th'), ('การ', 'th'), ('ลายมือชื่อ', 'th'), ('ฝึกอบรม', 'th'), ('JF', 'eng'), ('ท', 'th'), ('ชื่อ', 'th'), ('ผู้', 'th'), ('เข้า', 'th'), ('รับ', 'th'), ('การ', 'th'), ('ฝึกอบรม', 'th'), ('รหัส', 'th'), ('ประ', 'th'), ('จํา', 'th'), ('ตัว', 'th'), ('สังกัด', 'th'), ('หมายเหตุ', 'th'), ('รอบ', 'th'), ('เช้า', 'th'), ('รอบ', 'th'), ('บ่าย', 'th'), ('ไม่', 'th'), ('ผ่าน', 'th'), ('ผ่าน', 'th'), ('1', 'eng'), ('อา', 'th'), ('สาม', 'th'), ('2', 'eng'), ('ql', 'eng'), ('3', 'eng'), ('.', 'th'), ('4', 'eng'), ('5', 'eng'), ('.', 'th'), ('b', 'eng'), ('.', 'th'), ('7', 'eng'), ('ร', 'th'), ('g', 'eng'), ('10', 'eng'), ('MI', 'eng'), ('12', 'eng'), ('phyo', 'eng'), ('20', 'eng'), ('00', 'eng'), ('thip', 'eng'), ('FAS', 'eng'), ('และ', 'th'), ('ธง', 'th'), ('2553', 'th'), (' ', 'th'), ('63', 'eng'), ('13', 'eng'), (' ', 'th'), ('03', 'eng'), ('15', 'eng'), ('275', 'eng'), ('et', 'eng'), ('ๆม', 'th'), ('Myo', 'eng'), ('16', 'eng'), ('/02', 'eng'), ('17', 'eng'), ('กค', 'th'), ('ม', 'th'), (' ', 'th'), ('59', 'eng'), ('7', 'eng'), ('1', 'eng'), ('/', 'th'), ('/', 'th'), ('7', 'eng'), ('விய', 'eng'), ('18', 'eng'), (' ', 'th'), ('20', 'eng'), ('/', 'th'), ('T', 'eng'), ('19', 'eng'), ('.', 'th'), ('75', 'eng'), (' ', 'th'), ('por', 'eng'), ('TA', 'eng'), (' ', 'th'), ('0012', 'eng'), ('F', 'eng'), ('/m.', 'eng'), ('Phr', 'eng'), ('วิธี', 'th'), ('ที่', 'th'), ('ใช้', 'th'), ('ประเมินผล', 'th'), ('การ', 'th'), ('ฝึกอบรม', 'th'), (' ', 'th'), ('(', 'th'), ('อาจ', 'th'), ('มี', 'th'), ('มากกว่า', 'th'), ('หนึ่ง', 'th'), ('วิธี', 'th'), ('ก็ได้', 'th'), (')', 'th'), ('D', 'eng'), (' ', 'th'), ('ทดสอบ', 'th'), ('ระหว่าง', 'th'), ('ฝึก', 'th'), (' ', 'th'), ('E', 'eng'), (' ', 'th'), ('ทดสอบ', 'th'), ('หลัง', 'th'), ('ฝึก', 'th'), ('ฯ', 'th'), ('ระยะเวลา', 'th'), ('การ', 'th'), ('เข้า', 'th'), ('รับ', 'th'), ('การ', 'th'), ('ฝึกอบรม', 'th'), (' ', 'th'), ('(', 'th'), ('เกณฑ์', 'th'), ('ที่', 'th'), ('ใช้', 'th'), ('ไม่', 'th'), ('ต่ำกว่า', 'th'), (' ', 'th'), ('%)', 'th'), ('ทดสอบ', 'th'), ('หลัง', 'th'), ('ฝึก', 'th'), ('ฯ', 'th'), (' ', 'th'), ('ปี', 'th'), (' ', 'th'), ('สังเกตการณ์', 'th'), ('ระหว่าง', 'th'), ('การ', 'th'), ('ฝึกอบรม', 'th'), ('อื่นๆ', 'th'), (' ', 'th'), ('(', 'th'), ('ระบุ', 'th'), (')', 'th'), ('บันทึก', 'th'), ('โดย', 'th'), ('..........', 'th'), ('วันที่', 'th'), ('สรุป', 'th'), ('ผล', 'th'), ('การประเมิน', 'th'), ('หลักสูตร', 'th'), (' ', 'th'), ('(', 'th'), ('ถ้า', 'th'), ('มี', 'th'), (')', 'th'), ('บันทึก', 'th'), ('โดย', 'th'), ('............', 'th'), ('วันที่', 'th'), ('สรุป', 'th'), ('ผล', 'th'), ('การประเมิน', 'th'), ('วิทยากร', 'th'), (' ', 'th'), ('(', 'th'), ('ถ้า', 'th'), ('มี', 'th'), (')', 'th'), ('บันทึก', 'th'), ('โดย', 'th'), ('วันที่', 'th'), ('(', 'th'), ('ให้', 'th'), ('นำ', 'th'), ('ข้อมูล', 'th'), ('ไป', 'th'), ('บันทึก', 'th'), ('ไว้', 'th'), ('ใน', 'th'), (' ', 'th'), ('“', 'th'), ('รายงาน', 'th'), ('ประวัติการ', 'th'), ('ฝึกอบรม', 'th'), ('/', 'th'), ('ดูงาน', 'th'), ('ของ', 'th'), ('พนักงาน', 'th'), ('”', 'th'), (' ', 'th'), ('ตาม', 'th'), ('ความเหมาะสม', 'th'), (')', 'th'), ('HR-HRD', 'eng'), ('002', 'eng'), ('-', 'th'), ('03', 'eng')]",236,67,[[-0.01582 -0.03513 -0.03029 ... -0.05014 -0.02855  0.0044 ]]
Manufactoring_and_quality_control_process,10,,"STECON
บริษัท ซิโน-ไทย เอ็นจีเนียริ่ง แอนด์ คอนสตรัคชั่น จํากัด (มหาชน)
SINO-THAY ENGINEERING & CONSTILUCTION PUBLIC COMPANY LIMITED
18. นำ GROUT PLUG มาปิด SOCKET HOLE เพื่อป้องน้ำปูนเข้าไปดัน SOCKET HOLE
ในขณะเทคอนกรีต
19. สุดท้ายเช็คอุปกรณ์การฝังภายในแต่ละโมลให้ครบตามจำนวนและยึดแน่นหนาพร้อมกับ
เช็คจำนวนของเหล็กเสริม ขนาด ระยะห่าง ตำแหน่ง และระยะหุ้มของคอนกรีตให้เป็นไปตามที่ระบุไว้
ในแบบ อีกครั้งก่อนปิดฝาโมล
28","['STECON', 'บริษัท', ' ', 'ซิ', 'โน', '-', 'ไทย', ' ', 'เอ็น', 'จี', 'เนียริ่ง', ' ', 'แอนด์', ' ', 'คอน', 'สต', 'รัคชั่น', ' ', 'จํา', 'กัด', ' ', '(', 'มหาชน', ')', 'SINO-THAY', ' ', 'ENGINEERING', ' ', '&', ' ', 'CONSTILUCTION', ' ', 'PUBLIC', ' ', 'COMPANY', ' ', 'LIMITED', '18', '.', ' ', 'นำ', ' ', 'GROUT', ' ', 'PLUG', ' ', 'มา', 'ปิด', ' ', 'SOCKET', ' ', 'HOLE', ' ', 'เพื่อ', 'ป้อง', 'น้ำ', 'ปูน', 'เข้าไป', 'ดัน', ' ', 'SOCKET', ' ', 'HOLE', 'ใน', 'ขณะ', 'เทคอนกรีต', '19', '.', ' ', 'สุดท้าย', 'เช็ค', 'อุปกรณ์', 'การ', 'ฝัง', 'ภายใน', 'แต่ละ', 'โม', 'ล', 'ให้', 'ครบ', 'ตาม', 'จำนวน', 'และ', 'ยึด', 'แน่นหนา', 'พร้อมกับ', 'เช็ค', 'จำนวน', 'ของ', 'เหล็ก', 'เสริม', ' ', 'ขนาด', ' ', 'ระยะห่าง', ' ', 'ตำแหน่ง', ' ', 'และ', 'ระยะ', 'หุ้ม', 'ของ', 'คอนกรีต', 'ให้', 'เป็นไป', 'ตามที่', 'ระบุ', 'ไว้', 'ใน', 'แบบ', ' ', 'อีก', 'ครั้งก่อน', 'ปิด', 'ฝา', 'โม', 'ล', '28']",118,"[('STECON', 'NCMN'), ('บริษัท', 'NCMN'), (' ', 'PUNC'), ('ซิ', 'NPRP'), ('โน', 'NCMN'), ('-', 'PUNC'), ('ไทย', 'NPRP'), (' ', 'PUNC'), ('เอ็น', 'NCMN'), ('จี', 'VACT'), ('เนียริ่ง', 'NCMN'), (' ', 'PUNC'), ('แอนด์', 'NCMN'), (' ', 'PUNC'), ('คอน', 'NCMN'), ('สต', 'NCMN'), ('รัคชั่น', 'NCMN'), (' ', 'PUNC'), ('จํา', 'NCMN'), ('กัด', 'VACT'), (' ', 'PUNC'), ('(', 'PUNC'), ('มหาชน', 'NCMN'), (')', 'PUNC'), ('SINO-THAY', 'NCMN'), (' ', 'PUNC'), ('ENGINEERING', 'NCMN'), (' ', 'PUNC'), ('&', 'PUNC'), (' ', 'PUNC'), ('CONSTILUCTION', 'NCMN'), (' ', 'PUNC'), ('PUBLIC', 'NCMN'), (' ', 'PUNC'), ('COMPANY', 'NCMN'), (' ', 'PUNC'), ('LIMITED', 'NCMN'), ('18', 'NCNM'), ('.', 'PUNC'), (' ', 'PUNC'), ('นำ', 'VACT'), (' ', 'PUNC'), ('GROUT', 'NCMN'), (' ', 'PUNC'), ('PLUG', 'NCMN'), (' ', 'PUNC'), ('มา', 'XVAE'), ('ปิด', 'VACT'), (' ', 'PUNC'), ('SOCKET', 'NCMN'), (' ', 'PUNC'), ('HOLE', 'NCMN'), (' ', 'PUNC'), ('เพื่อ', 'JSBR'), ('ป้อง', 'VACT'), ('น้ำ', 'NCMN'), ('ปูน', 'VACT'), ('เข้าไป', 'XVAE'), ('ดัน', 'VACT'), (' ', 'PUNC'), ('SOCKET', 'NCMN'), (' ', 'PUNC'), ('HOLE', 'NCMN'), ('ใน', 'RPRE'), ('ขณะ', 'NCMN'), ('เทคอนกรีต', 'DDAC'), ('19', 'NCNM'), ('.', 'PUNC'), (' ', 'PUNC'), ('สุดท้าย', 'DONM'), ('เช็ค', 'VACT'), ('อุปกรณ์', 'NCMN'), ('การ', 'FIXN'), ('ฝัง', 'VACT'), ('ภายใน', 'RPRE'), ('แต่ละ', 'DIBQ'), ('โม', 'NCMN'), ('ล', 'NCMN'), ('ให้', 'JSBR'), ('ครบ', 'VSTA'), ('ตาม', 'RPRE'), ('จำนวน', 'NCMN'), ('และ', 'JCRG'), ('ยึด', 'VACT'), ('แน่นหนา', 'NCMN'), ('พร้อมกับ', 'JCRG'), ('เช็ค', 'VACT'), ('จำนวน', 'NCMN'), ('ของ', 'RPRE'), ('เหล็ก', 'NCMN'), ('เสริม', 'VACT'), (' ', 'PUNC'), ('ขนาด', 'NCMN'), (' ', 'PUNC'), ('ระยะห่าง', 'NCMN'), (' ', 'PUNC'), ('ตำแหน่ง', 'NCMN'), (' ', 'PUNC'), ('และ', 'JCRG'), ('ระยะ', 'NCMN'), ('หุ้ม', 'VATT'), ('ของ', 'RPRE'), ('คอนกรีต', 'NCMN'), ('ให้', 'JSBR'), ('เป็นไป', 'VSTA'), ('ตามที่', 'JSBR'), ('ระบุ', 'VACT'), ('ไว้', 'XVAE'), ('ใน', 'RPRE'), ('แบบ', 'NCMN'), (' ', 'PUNC'), ('อีก', 'DDBQ'), ('ครั้งก่อน', 'NCMN'), ('ปิด', 'VACT'), ('ฝา', 'NCMN'), ('โม', 'NCMN'), ('ล', 'NCMN'), ('28', 'NCNM')]","[('STECON', 'eng'), ('บริษัท', 'th'), (' ', 'th'), ('ซิ', 'th'), ('โน', 'th'), ('-', 'th'), ('ไทย', 'th'), (' ', 'th'), ('เอ็น', 'th'), ('จี', 'th'), ('เนียริ่ง', 'th'), (' ', 'th'), ('แอนด์', 'th'), (' ', 'th'), ('คอน', 'th'), ('สต', 'th'), ('รัคชั่น', 'th'), (' ', 'th'), ('จํา', 'th'), ('กัด', 'th'), (' ', 'th'), ('(', 'th'), ('มหาชน', 'th'), (')', 'th'), ('SINO-THAY', 'eng'), (' ', 'th'), ('ENGINEERING', 'eng'), (' ', 'th'), ('&', 'th'), (' ', 'th'), ('CONSTILUCTION', 'eng'), (' ', 'th'), ('PUBLIC', 'eng'), (' ', 'th'), ('COMPANY', 'eng'), (' ', 'th'), ('LIMITED', 'eng'), ('18', 'eng'), ('.', 'th'), (' ', 'th'), ('นำ', 'th'), (' ', 'th'), ('GROUT', 'eng'), (' ', 'th'), ('PLUG', 'eng'), (' ', 'th'), ('มา', 'th'), ('ปิด', 'th'), (' ', 'th'), ('SOCKET', 'eng'), (' ', 'th'), ('HOLE', 'eng'), (' ', 'th'), ('เพื่อ', 'th'), ('ป้อง', 'th'), ('น้ำ', 'th'), ('ปูน', 'th'), ('เข้าไป', 'th'), ('ดัน', 'th'), (' ', 'th'), ('SOCKET', 'eng'), (' ', 'th'), ('HOLE', 'eng'), ('ใน', 'th'), ('ขณะ', 'th'), ('เทคอนกรีต', 'th'), ('19', 'eng'), ('.', 'th'), (' ', 'th'), ('สุดท้าย', 'th'), ('เช็ค', 'th'), ('อุปกรณ์', 'th'), ('การ', 'th'), ('ฝัง', 'th'), ('ภายใน', 'th'), ('แต่ละ', 'th'), ('โม', 'th'), ('ล', 'th'), ('ให้', 'th'), ('ครบ', 'th'), ('ตาม', 'th'), ('จำนวน', 'th'), ('และ', 'th'), ('ยึด', 'th'), ('แน่นหนา', 'th'), ('พร้อมกับ', 'th'), ('เช็ค', 'th'), ('จำนวน', 'th'), ('ของ', 'th'), ('เหล็ก', 'th'), ('เสริม', 'th'), (' ', 'th'), ('ขนาด', 'th'), (' ', 'th'), ('ระยะห่าง', 'th'), (' ', 'th'), ('ตำแหน่ง', 'th'), (' ', 'th'), ('และ', 'th'), ('ระยะ', 'th'), ('หุ้ม', 'th'), ('ของ', 'th'), ('คอนกรีต', 'th'), ('ให้', 'th'), ('เป็นไป', 'th'), ('ตามที่', 'th'), ('ระบุ', 'th'), ('ไว้', 'th'), ('ใน', 'th'), ('แบบ', 'th'), (' ', 'th'), ('อีก', 'th'), ('ครั้งก่อน', 'th'), ('ปิด', 'th'), ('ฝา', 'th'), ('โม', 'th'), ('ล', 'th'), ('28', 'eng')]",102,16,[[-0.01327   0.006874 -0.0093   ... -0.002035 -0.02785  -0.01062 ]]
Manufactoring_and_quality_control_process,11,,"STECON
บริษัท ชิโน-ไทย เอ็นจีเนียชิ่ง แอนด์ คอนสตรัคชั่น จํากัด (มหาชน)
20. ปิดฝาโมลพร้อมล็อค BOLT ตามจำนวนของแต่ละโมลให้แน่น เพื่อเตรียมพร้อมสำหรับ
งานเทคอนกรีต
NOTE : อุปกรณ์ที่ใช้การฝังทั้งหมดต้องผ่านการอนุมัติใช้จากเจ้าของงาน/ ตัวแทนเจ้าของงาน
ใบบันทึกการตรวจสอบ (Inspection Check Sheet) ต้องบันทึกโดย QC ตามแบบฟอร์มในเอกสารแนบ
29","['STECON', 'บริษัท', ' ', 'ชิ', 'โน', '-', 'ไทย', ' ', 'เอ็น', 'จี', 'เนีย', 'ชิ่ง', ' ', 'แอนด์', ' ', 'คอน', 'สต', 'รัคชั่น', ' ', 'จํา', 'กัด', ' ', '(', 'มหาชน', ')', '20', '.', ' ', 'ปิด', 'ฝา', 'โม', 'ลพ', 'ร้อม', 'ล็อค', ' ', 'BOLT', ' ', 'ตาม', 'จำนวน', 'ของ', 'แต่ละ', 'โม', 'ล', 'ให้', 'แน่น', ' ', 'เพื่อ', 'เตรียมพร้อม', 'สำหรับ', 'งาน', 'เทคอนกรีต', 'NOTE', ' ', ':', ' ', 'อุปกรณ์', 'ที่', 'ใช้การ', 'ฝัง', 'ทั้งหมด', 'ต้อง', 'ผ่าน', 'การอนุมัติ', 'ใช้', 'จาก', 'เจ้าของงาน', '/', ' ', 'ตัวแทน', 'เจ้าของงาน', 'ใบ', 'บันทึก', 'การ', 'ตรวจสอบ', ' ', '(Inspection', ' ', 'Check', ' ', 'Sheet', ')', ' ', 'ต้อง', 'บันทึก', 'โดย', ' ', 'QC', ' ', 'ตาม', 'แบบฟอร์ม', 'ใน', 'เอกสาร', 'แนบ', '29']",94,"[('STECON', 'NCMN'), ('บริษัท', 'NCMN'), (' ', 'PUNC'), ('ชิ', 'NPRP'), ('โน', 'NCMN'), ('-', 'PUNC'), ('ไทย', 'NPRP'), (' ', 'PUNC'), ('เอ็น', 'NCMN'), ('จี', 'NCMN'), ('เนีย', 'VACT'), ('ชิ่ง', 'NCMN'), (' ', 'PUNC'), ('แอนด์', 'NCMN'), (' ', 'PUNC'), ('คอน', 'NCMN'), ('สต', 'NCMN'), ('รัคชั่น', 'NCMN'), (' ', 'PUNC'), ('จํา', 'NCMN'), ('กัด', 'VACT'), (' ', 'PUNC'), ('(', 'PUNC'), ('มหาชน', 'NCMN'), (')', 'PUNC'), ('20', 'NCNM'), ('.', 'PUNC'), (' ', 'PUNC'), ('ปิด', 'VACT'), ('ฝา', 'NCMN'), ('โม', 'NCMN'), ('ลพ', 'NCMN'), ('ร้อม', 'VSTA'), ('ล็อค', 'NCMN'), (' ', 'PUNC'), ('BOLT', 'NCMN'), (' ', 'PUNC'), ('ตาม', 'RPRE'), ('จำนวน', 'NCMN'), ('ของ', 'RPRE'), ('แต่ละ', 'DIBQ'), ('โม', 'NCMN'), ('ล', 'VACT'), ('ให้', 'JSBR'), ('แน่น', 'NCMN'), (' ', 'PUNC'), ('เพื่อ', 'JSBR'), ('เตรียมพร้อม', 'VSTA'), ('สำหรับ', 'RPRE'), ('งาน', 'NCMN'), ('เทคอนกรีต', 'VACT'), ('NOTE', 'NCMN'), (' ', 'PUNC'), (':', 'PUNC'), (' ', 'PUNC'), ('อุปกรณ์', 'NCMN'), ('ที่', 'PREL'), ('ใช้การ', 'VACT'), ('ฝัง', 'NCMN'), ('ทั้งหมด', 'DDAN'), ('ต้อง', 'XVMM'), ('ผ่าน', 'VACT'), ('การอนุมัติ', 'NCMN'), ('ใช้', 'VACT'), ('จาก', 'RPRE'), ('เจ้าของงาน', 'NCMN'), ('/', 'PUNC'), (' ', 'PUNC'), ('ตัวแทน', 'NCMN'), ('เจ้าของงาน', 'NCMN'), ('ใบ', 'ADVS'), ('บันทึก', 'VACT'), ('การ', 'FIXN'), ('ตรวจสอบ', 'VACT'), (' ', 'PUNC'), ('(Inspection', 'NCMN'), (' ', 'PUNC'), ('Check', 'NCMN'), (' ', 'PUNC'), ('Sheet', 'NCMN'), (')', 'PUNC'), (' ', 'PUNC'), ('ต้อง', 'XVMM'), ('บันทึก', 'VACT'), ('โดย', 'RPRE'), (' ', 'PUNC'), ('QC', 'NCMN'), (' ', 'PUNC'), ('ตาม', 'RPRE'), ('แบบฟอร์ม', 'NCMN'), ('ใน', 'RPRE'), ('เอกสาร', 'NCMN'), ('แนบ', 'VSTA'), ('29', 'NCNM')]","[('STECON', 'eng'), ('บริษัท', 'th'), (' ', 'th'), ('ชิ', 'th'), ('โน', 'th'), ('-', 'th'), ('ไทย', 'th'), (' ', 'th'), ('เอ็น', 'th'), ('จี', 'th'), ('เนีย', 'th'), ('ชิ่ง', 'th'), (' ', 'th'), ('แอนด์', 'th'), (' ', 'th'), ('คอน', 'th'), ('สต', 'th'), ('รัคชั่น', 'th'), (' ', 'th'), ('จํา', 'th'), ('กัด', 'th'), (' ', 'th'), ('(', 'th'), ('มหาชน', 'th'), (')', 'th'), ('20', 'eng'), ('.', 'th'), (' ', 'th'), ('ปิด', 'th'), ('ฝา', 'th'), ('โม', 'th'), ('ลพ', 'th'), ('ร้อม', 'th'), ('ล็อค', 'th'), (' ', 'th'), ('BOLT', 'eng'), (' ', 'th'), ('ตาม', 'th'), ('จำนวน', 'th'), ('ของ', 'th'), ('แต่ละ', 'th'), ('โม', 'th'), ('ล', 'th'), ('ให้', 'th'), ('แน่น', 'th'), (' ', 'th'), ('เพื่อ', 'th'), ('เตรียมพร้อม', 'th'), ('สำหรับ', 'th'), ('งาน', 'th'), ('เทคอนกรีต', 'th'), ('NOTE', 'eng'), (' ', 'th'), (':', 'th'), (' ', 'th'), ('อุปกรณ์', 'th'), ('ที่', 'th'), ('ใช้การ', 'th'), ('ฝัง', 'th'), ('ทั้งหมด', 'th'), ('ต้อง', 'th'), ('ผ่าน', 'th'), ('การอนุมัติ', 'th'), ('ใช้', 'th'), ('จาก', 'th'), ('เจ้าของงาน', 'th'), ('/', 'th'), (' ', 'th'), ('ตัวแทน', 'th'), ('เจ้าของงาน', 'th'), ('ใบ', 'th'), ('บันทึก', 'th'), ('การ', 'th'), ('ตรวจสอบ', 'th'), (' ', 'th'), ('(Inspection', 'eng'), (' ', 'th'), ('Check', 'eng'), (' ', 'th'), ('Sheet', 'eng'), (')', 'th'), (' ', 'th'), ('ต้อง', 'th'), ('บันทึก', 'th'), ('โดย', 'th'), (' ', 'th'), ('QC', 'eng'), (' ', 'th'), ('ตาม', 'th'), ('แบบฟอร์ม', 'th'), ('ใน', 'th'), ('เอกสาร', 'th'), ('แนบ', 'th'), ('29', 'eng')]",85,9,[[-0.01236  0.01974 -0.01764 ... -0.03735 -0.05618  0.01361]]
Manufactoring_and_quality_control_process,12,,"STECON
Sino-Thai Engineering & Construction Public Company Limited
ภาพถ่ายประกอบการอบรม
É d","['STECON', 'Sino-Thai', ' ', 'Engineering', ' ', '&', ' ', 'Construction', ' ', 'Public', ' ', 'Company', ' ', 'Limited', 'ภาพถ่าย', 'ประกอบ', 'การอบรม', 'É', ' ', 'd']",20,"[('STECON', 'NCMN'), ('Sino-Thai', 'NCMN'), (' ', 'PUNC'), ('Engineering', 'NCMN'), (' ', 'PUNC'), ('&', 'PUNC'), (' ', 'PUNC'), ('Construction', 'NCMN'), (' ', 'PUNC'), ('Public', 'NCMN'), (' ', 'PUNC'), ('Company', 'NCMN'), (' ', 'PUNC'), ('Limited', 'NCMN'), ('ภาพถ่าย', 'NCMN'), ('ประกอบ', 'VSTA'), ('การอบรม', 'NCMN'), ('É', 'NCMN'), (' ', 'PUNC'), ('d', 'NCMN')]","[('STECON', 'eng'), ('Sino-Thai', 'eng'), (' ', 'th'), ('Engineering', 'eng'), (' ', 'th'), ('&', 'th'), (' ', 'th'), ('Construction', 'eng'), (' ', 'th'), ('Public', 'eng'), (' ', 'th'), ('Company', 'eng'), (' ', 'th'), ('Limited', 'eng'), ('ภาพถ่าย', 'th'), ('ประกอบ', 'th'), ('การอบรม', 'th'), ('É', 'eng'), (' ', 'th'), ('d', 'eng')]",11,9,[[-0.02965  -0.007687 -0.02954  ... -0.01622  -0.02243  -0.027   ]]
Manufactoring_and_quality_control_process,2,,"ชื่อหลักสูตร.....
ชื่อองค์การที่จัด
ความมุ่งหมาย
เนื้อหา
TE
Sino-Thai Engineering & Construction Public Company Limited
บันทึกการฝึกอบรมสำหรับแต่ละหลักสูตร
STECON
จัดวันที่
วิทยากร
ระยะเวลา
ชั่วโมง..................
ลายมือชื่อ
สรุปผลการ
ชื่อผู้เข้ารับการฝึกอบรม
รหัส
ประจําตัว
ฝึกอบรม
สังกัด
หมายเหตุ
รอบเช้า
รอบบ่าย
ไม่
ผ่าน
ผ่าน
11 นายพรเทพ หลับยิ่ง
FA0005
Production
✓
50%
23 นาย สุวัฒน์
24 12.
PA0014
Oc
มาส
TA0020
QC
วัฒน
ตามทุ่
TAoxon
cal
1 Jor.
1
25 vers
m
TA0002
QL
26 dotis
Gran
PA002
QC
27 pm mon
TA CURR
a
23 ฉา
29 To
พิจลง
เนสฟอก
PAoont
QC
TA0023
ec
mond.
ชมป์ม
·100 %)
14102167
วิธีที่ใช้ประเมินผลการฝึกอบรม(อาจมีมากกว่าหนึ่งวิธีก็ได้) ปี ระยะเวลาการเข้ารับการฝึกอบรม (เกณฑ์ที่ใช้ไม่ต่ำกว่า
4 ๆ
1 ทดสอบระหว่างฝึก D ทดสอบหลังฝึกฯ สังเกตการณ์ระหว่างการฝึกอบรม อื่น ๆ (ระบุ)
บันทึกโดย 113 . ความ
นาว โส คร้ามทุ่ง
สรุปผลการประเมินหลักสูตร (ถ้ามี)
บันทึกโดย............
สรุปผลการประเมินวิทยากร (ถ้ามี)
บันทึกโดย
วันที่
วันที่
วันที่
(ให้นำข้อมูลไปบันทึกไว้ใน “รายงานประวัติการฝึกอบรม/ดูงานของพนักงาน"" ตามความเหมาะสม)
HR-HRD002-03","['ชื่อ', 'หลัก', 'สู', 'ตร.', '....', 'ชื่อ', 'องค์การ', 'ที่', 'จัด', 'ความมุ่งหมาย', 'เนื้อหา', 'TE', 'Sino-Thai', ' ', 'Engineering', ' ', '&', ' ', 'Construction', ' ', 'Public', ' ', 'Company', ' ', 'Limited', 'บันทึก', 'การ', 'ฝึกอบรม', 'สำหรับ', 'แต่ละ', 'หลักสูตร', 'STECON', 'จัด', 'วันที่', 'วิทยากร', 'ระยะเวลา', 'ชั่วโมง', '..................', 'ลายมือชื่อ', 'สรุป', 'ผล', 'การ', 'ชื่อ', 'ผู้', 'เข้า', 'รับ', 'การ', 'ฝึกอบรม', 'รหัส', 'ประ', 'จํา', 'ตัว', 'ฝึกอบรม', 'สังกัด', 'หมายเหตุ', 'รอบ', 'เช้า', 'รอบ', 'บ่าย', 'ไม่', 'ผ่าน', 'ผ่าน', '11', ' ', 'นาย', 'พร', 'เทพ', ' ', 'หลับ', 'ยิ่ง', 'FA', '0005', 'Production', '✓', '50', '%', '23', ' ', 'นาย', ' ', 'สุ', 'วัฒน์', '24', ' ', '12', '.', 'PA', '0014', 'Oc', 'มาส', 'TA', '0020', 'QC', 'วัฒน', 'ตาม', 'ทุ่', 'TAoxon', 'cal', '1', ' ', 'Jor', '.', '1', '25', ' ', 'vers', 'm', 'TA', '0002', 'QL', '26', ' ', 'dotis', 'Gran', 'PA', '002', 'QC', '27', ' ', 'pm', ' ', 'mon', 'TA', ' ', 'CURR', 'a', '23', ' ', 'ฉา', '29', ' ', 'To', 'พิจล', 'ง', 'เนส', 'ฟอก', 'PAoont', 'QC', 'TA', '0023', 'ec', 'mond', '.', 'ชมป์ม', '·100', ' ', '%)', '14102167', 'วิธี', 'ที่', 'ใช้', 'ประเมินผล', 'การ', 'ฝึกอบรม', '(', 'อาจ', 'มี', 'มากกว่า', 'หนึ่ง', 'วิธี', 'ก็ได้', ')', ' ', 'ปี', ' ', 'ระยะเวลา', 'การ', 'เข้า', 'รับ', 'การ', 'ฝึกอบรม', ' ', '(', 'เกณฑ์', 'ที่', 'ใช้', 'ไม่', 'ต่ำกว่า', '4', ' ', 'ๆ', '1', ' ', 'ทดสอบ', 'ระหว่าง', 'ฝึก', ' ', 'D', ' ', 'ทดสอบ', 'หลัง', 'ฝึก', 'ฯ', ' ', 'สังเกตการณ์', 'ระหว่าง', 'การ', 'ฝึกอบรม', ' ', 'อื่น', ' ', 'ๆ', ' ', '(', 'ระบุ', ')', 'บันทึก', 'โดย', ' ', '113', ' ', '.', ' ', 'ความ', 'นาว', ' ', 'โส', ' ', 'คร้าม', 'ทุ่ง', 'สรุป', 'ผล', 'การประเมิน', 'หลักสูตร', ' ', '(', 'ถ้า', 'มี', ')', 'บันทึก', 'โดย', '............', 'สรุป', 'ผล', 'การประเมิน', 'วิทยากร', ' ', '(', 'ถ้า', 'มี', ')', 'บันทึก', 'โดย', 'วันที่', 'วันที่', 'วันที่', '(', 'ให้', 'นำ', 'ข้อมูล', 'ไป', 'บันทึก', 'ไว้', 'ใน', ' ', '“', 'รายงาน', 'ประวัติการ', 'ฝึกอบรม', '/', 'ดูงาน', 'ของ', 'พนักงาน', '""', ' ', 'ตาม', 'ความเหมาะสม', ')', 'HR-HRD', '002', '-', '03']",272,"[('ชื่อ', 'NCMN'), ('หลัก', 'VATT'), ('สู', 'NCMN'), ('ตร.', 'VACT'), ('....', 'PUNC'), ('ชื่อ', 'NCMN'), ('องค์การ', 'NCMN'), ('ที่', 'PREL'), ('จัด', 'VACT'), ('ความมุ่งหมาย', 'NCMN'), ('เนื้อหา', 'NCMN'), ('TE', 'NCMN'), ('Sino-Thai', 'NCMN'), (' ', 'PUNC'), ('Engineering', 'NCMN'), (' ', 'PUNC'), ('&', 'PUNC'), (' ', 'PUNC'), ('Construction', 'NCMN'), (' ', 'PUNC'), ('Public', 'NCMN'), (' ', 'PUNC'), ('Company', 'NCMN'), (' ', 'PUNC'), ('Limited', 'NCMN'), ('บันทึก', 'VACT'), ('การ', 'FIXN'), ('ฝึกอบรม', 'VACT'), ('สำหรับ', 'RPRE'), ('แต่ละ', 'DIBQ'), ('หลักสูตร', 'CNIT'), ('STECON', 'NCMN'), ('จัด', 'VACT'), ('วันที่', 'NCMN'), ('วิทยากร', 'NCMN'), ('ระยะเวลา', 'NCMN'), ('ชั่วโมง', 'NCMN'), ('..................', 'PUNC'), ('ลายมือชื่อ', 'NCMN'), ('สรุป', 'VACT'), ('ผล', 'NCMN'), ('การ', 'FIXN'), ('ชื่อ', 'VACT'), ('ผู้', 'PPRS'), ('เข้า', 'VACT'), ('รับ', 'VACT'), ('การ', 'FIXN'), ('ฝึกอบรม', 'VACT'), ('รหัส', 'NCMN'), ('ประ', 'NCMN'), ('จํา', 'NCMN'), ('ตัว', 'CNIT'), ('ฝึกอบรม', 'VACT'), ('สังกัด', 'NCMN'), ('หมายเหตุ', 'NCMN'), ('รอบ', 'CFQC'), ('เช้า', 'ADVN'), ('รอบ', 'CFQC'), ('บ่าย', 'NCMN'), ('ไม่', 'NEG'), ('ผ่าน', 'VSTA'), ('ผ่าน', 'VSTA'), ('11', 'DCNM'), (' ', 'PUNC'), ('นาย', 'NTTL'), ('พร', 'NPRP'), ('เทพ', 'NPRP'), (' ', 'PUNC'), ('หลับ', 'NPRP'), ('ยิ่ง', 'XVBM'), ('FA', 'NCMN'), ('0005', 'NCNM'), ('Production', 'NCMN'), ('✓', 'NCMN'), ('50', 'NCNM'), ('%', 'PUNC'), ('23', 'NCNM'), (' ', 'PUNC'), ('นาย', 'NTTL'), (' ', 'PUNC'), ('สุ', 'NPRP'), ('วัฒน์', 'NPRP'), ('24', 'NCNM'), (' ', 'PUNC'), ('12', 'NCNM'), ('.', 'PUNC'), ('PA', 'CMTR'), ('0014', 'NCNM'), ('Oc', 'NCMN'), ('มาส', 'NCMN'), ('TA', 'NCMN'), ('0020', 'NCNM'), ('QC', 'NCMN'), ('วัฒน', 'NCMN'), ('ตาม', 'RPRE'), ('ทุ่', 'NCMN'), ('TAoxon', 'NCMN'), ('cal', 'NCMN'), ('1', 'DCNM'), (' ', 'PUNC'), ('Jor', 'CMTR'), ('.', 'PUNC'), ('1', 'DCNM'), ('25', 'DCNM'), (' ', 'PUNC'), ('vers', 'NCMN'), ('m', 'NCMN'), ('TA', 'NCMN'), ('0002', 'NCNM'), ('QL', 'NCMN'), ('26', 'NCNM'), (' ', 'PUNC'), ('dotis', 'NCMN'), ('Gran', 'NCMN'), ('PA', 'NCMN'), ('002', 'NCNM'), ('QC', 'PUNC'), ('27', 'NCNM'), (' ', 'PUNC'), ('pm', 'NCMN'), (' ', 'PUNC'), ('mon', 'NCMN'), ('TA', 'NCMN'), (' ', 'PUNC'), ('CURR', 'NCMN'), ('a', 'NLBL'), ('23', 'DCNM'), (' ', 'PUNC'), ('ฉา', 'CNIT'), ('29', 'DCNM'), (' ', 'PUNC'), ('To', 'NCMN'), ('พิจล', 'NCMN'), ('ง', 'NCMN'), ('เนส', 'NCMN'), ('ฟอก', 'NCMN'), ('PAoont', 'NCMN'), ('QC', 'NCMN'), ('TA', 'NCMN'), ('0023', 'NCNM'), ('ec', 'NCMN'), ('mond', 'NCMN'), ('.', 'PUNC'), ('ชมป์ม', 'NCMN'), ('·100', 'NCMN'), (' ', 'PUNC'), ('%)', 'NCMN'), ('14102167', 'NCNM'), ('วิธี', 'NCMN'), ('ที่', 'PREL'), ('ใช้', 'VACT'), ('ประเมินผล', 'VACT'), ('การ', 'FIXN'), ('ฝึกอบรม', 'VACT'), ('(', 'PUNC'), ('อาจ', 'XVMM'), ('มี', 'VSTA'), ('มากกว่า', 'NCMN'), ('หนึ่ง', 'DCNM'), ('วิธี', 'NCMN'), ('ก็ได้', 'XVAE'), (')', 'PUNC'), (' ', 'PUNC'), ('ปี', 'NCMN'), (' ', 'PUNC'), ('ระยะเวลา', 'NCMN'), ('การ', 'FIXN'), ('เข้า', 'VACT'), ('รับ', 'VACT'), ('การ', 'FIXN'), ('ฝึกอบรม', 'VACT'), (' ', 'PUNC'), ('(', 'PUNC'), ('เกณฑ์', 'NCMN'), ('ที่', 'PREL'), ('ใช้', 'VACT'), ('ไม่', 'NEG'), ('ต่ำกว่า', 'JSBR'), ('4', 'DCNM'), (' ', 'PUNC'), ('ๆ', 'CMTR'), ('1', 'DCNM'), (' ', 'PUNC'), ('ทดสอบ', 'VACT'), ('ระหว่าง', 'RPRE'), ('ฝึก', 'NCMN'), (' ', 'PUNC'), ('D', 'NCMN'), (' ', 'PUNC'), ('ทดสอบ', 'VACT'), ('หลัง', 'RPRE'), ('ฝึก', 'NCMN'), ('ฯ', 'PUNC'), (' ', 'PUNC'), ('สังเกตการณ์', 'NCMN'), ('ระหว่าง', 'RPRE'), ('การ', 'FIXN'), ('ฝึกอบรม', 'VACT'), (' ', 'PUNC'), ('อื่น', 'DIAC'), (' ', 'PUNC'), ('ๆ', 'NCMN'), (' ', 'PUNC'), ('(', 'PUNC'), ('ระบุ', 'VACT'), (')', 'PUNC'), ('บันทึก', 'VACT'), ('โดย', 'RPRE'), (' ', 'PUNC'), ('113', 'DCNM'), (' ', 'PUNC'), ('.', 'PUNC'), (' ', 'PUNC'), ('ความ', 'FIXN'), ('นาว', 'VSTA'), (' ', 'PUNC'), ('โส', 'NCMN'), (' ', 'PUNC'), ('คร้าม', 'NCMN'), ('ทุ่ง', 'NCMN'), ('สรุป', 'VACT'), ('ผล', 'NCMN'), ('การประเมิน', 'NCMN'), ('หลักสูตร', 'NCMN'), (' ', 'PUNC'), ('(', 'PUNC'), ('ถ้า', 'JSBR'), ('มี', 'VSTA'), (')', 'PUNC'), ('บันทึก', 'VACT'), ('โดย', 'RPRE'), ('............', 'PUNC'), ('สรุป', 'VACT'), ('ผล', 'NCMN'), ('การประเมิน', 'VSTA'), ('วิทยากร', 'NCMN'), (' ', 'PUNC'), ('(', 'PUNC'), ('ถ้า', 'JSBR'), ('มี', 'VSTA'), (')', 'PUNC'), ('บันทึก', 'VACT'), ('โดย', 'RPRE'), ('วันที่', 'NCMN'), ('วันที่', 'NCMN'), ('วันที่', 'NCMN'), ('(', 'PUNC'), ('ให้', 'JSBR'), ('นำ', 'VACT'), ('ข้อมูล', 'NCMN'), ('ไป', 'XVAE'), ('บันทึก', 'VACT'), ('ไว้', 'XVAE'), ('ใน', 'RPRE'), (' ', 'PUNC'), ('“', 'NCMN'), ('รายงาน', 'NCMN'), ('ประวัติการ', 'NCMN'), ('ฝึกอบรม', 'VACT'), ('/', 'PUNC'), ('ดูงาน', 'VACT'), ('ของ', 'RPRE'), ('พนักงาน', 'NCMN'), ('""', 'PUNC'), (' ', 'PUNC'), ('ตาม', 'RPRE'), ('ความเหมาะสม', 'NCMN'), (')', 'PUNC'), ('HR-HRD', 'NCMN'), ('002', 'NCNM'), ('-', 'PUNC'), ('03', 'NCNM')]","[('ชื่อ', 'th'), ('หลัก', 'th'), ('สู', 'th'), ('ตร.', 'th'), ('....', 'th'), ('ชื่อ', 'th'), ('องค์การ', 'th'), ('ที่', 'th'), ('จัด', 'th'), ('ความมุ่งหมาย', 'th'), ('เนื้อหา', 'th'), ('TE', 'eng'), ('Sino-Thai', 'eng'), (' ', 'th'), ('Engineering', 'eng'), (' ', 'th'), ('&', 'th'), (' ', 'th'), ('Construction', 'eng'), (' ', 'th'), ('Public', 'eng'), (' ', 'th'), ('Company', 'eng'), (' ', 'th'), ('Limited', 'eng'), ('บันทึก', 'th'), ('การ', 'th'), ('ฝึกอบรม', 'th'), ('สำหรับ', 'th'), ('แต่ละ', 'th'), ('หลักสูตร', 'th'), ('STECON', 'eng'), ('จัด', 'th'), ('วันที่', 'th'), ('วิทยากร', 'th'), ('ระยะเวลา', 'th'), ('ชั่วโมง', 'th'), ('..................', 'th'), ('ลายมือชื่อ', 'th'), ('สรุป', 'th'), ('ผล', 'th'), ('การ', 'th'), ('ชื่อ', 'th'), ('ผู้', 'th'), ('เข้า', 'th'), ('รับ', 'th'), ('การ', 'th'), ('ฝึกอบรม', 'th'), ('รหัส', 'th'), ('ประ', 'th'), ('จํา', 'th'), ('ตัว', 'th'), ('ฝึกอบรม', 'th'), ('สังกัด', 'th'), ('หมายเหตุ', 'th'), ('รอบ', 'th'), ('เช้า', 'th'), ('รอบ', 'th'), ('บ่าย', 'th'), ('ไม่', 'th'), ('ผ่าน', 'th'), ('ผ่าน', 'th'), ('11', 'eng'), (' ', 'th'), ('นาย', 'th'), ('พร', 'th'), ('เทพ', 'th'), (' ', 'th'), ('หลับ', 'th'), ('ยิ่ง', 'th'), ('FA', 'eng'), ('0005', 'eng'), ('Production', 'eng'), ('✓', 'th'), ('50', 'eng'), ('%', 'th'), ('23', 'eng'), (' ', 'th'), ('นาย', 'th'), (' ', 'th'), ('สุ', 'th'), ('วัฒน์', 'th'), ('24', 'eng'), (' ', 'th'), ('12', 'eng'), ('.', 'th'), ('PA', 'eng'), ('0014', 'eng'), ('Oc', 'eng'), ('มาส', 'th'), ('TA', 'eng'), ('0020', 'eng'), ('QC', 'eng'), ('วัฒน', 'th'), ('ตาม', 'th'), ('ทุ่', 'th'), ('TAoxon', 'eng'), ('cal', 'eng'), ('1', 'eng'), (' ', 'th'), ('Jor', 'eng'), ('.', 'th'), ('1', 'eng'), ('25', 'eng'), (' ', 'th'), ('vers', 'eng'), ('m', 'eng'), ('TA', 'eng'), ('0002', 'eng'), ('QL', 'eng'), ('26', 'eng'), (' ', 'th'), ('dotis', 'eng'), ('Gran', 'eng'), ('PA', 'eng'), ('002', 'eng'), ('QC', 'eng'), ('27', 'eng'), (' ', 'th'), ('pm', 'eng'), (' ', 'th'), ('mon', 'eng'), ('TA', 'eng'), (' ', 'th'), ('CURR', 'eng'), ('a', 'eng'), ('23', 'eng'), (' ', 'th'), ('ฉา', 'th'), ('29', 'eng'), (' ', 'th'), ('To', 'eng'), ('พิจล', 'th'), ('ง', 'th'), ('เนส', 'th'), ('ฟอก', 'th'), ('PAoont', 'eng'), ('QC', 'eng'), ('TA', 'eng'), ('0023', 'eng'), ('ec', 'eng'), ('mond', 'eng'), ('.', 'th'), ('ชมป์ม', 'th'), ('·100', 'eng'), (' ', 'th'), ('%)', 'th'), ('14102167', 'eng'), ('วิธี', 'th'), ('ที่', 'th'), ('ใช้', 'th'), ('ประเมินผล', 'th'), ('การ', 'th'), ('ฝึกอบรม', 'th'), ('(', 'th'), ('อาจ', 'th'), ('มี', 'th'), ('มากกว่า', 'th'), ('หนึ่ง', 'th'), ('วิธี', 'th'), ('ก็ได้', 'th'), (')', 'th'), (' ', 'th'), ('ปี', 'th'), (' ', 'th'), ('ระยะเวลา', 'th'), ('การ', 'th'), ('เข้า', 'th'), ('รับ', 'th'), ('การ', 'th'), ('ฝึกอบรม', 'th'), (' ', 'th'), ('(', 'th'), ('เกณฑ์', 'th'), ('ที่', 'th'), ('ใช้', 'th'), ('ไม่', 'th'), ('ต่ำกว่า', 'th'), ('4', 'eng'), (' ', 'th'), ('ๆ', 'th'), ('1', 'eng'), (' ', 'th'), ('ทดสอบ', 'th'), ('ระหว่าง', 'th'), ('ฝึก', 'th'), (' ', 'th'), ('D', 'eng'), (' ', 'th'), ('ทดสอบ', 'th'), ('หลัง', 'th'), ('ฝึก', 'th'), ('ฯ', 'th'), (' ', 'th'), ('สังเกตการณ์', 'th'), ('ระหว่าง', 'th'), ('การ', 'th'), ('ฝึกอบรม', 'th'), (' ', 'th'), ('อื่น', 'th'), (' ', 'th'), ('ๆ', 'th'), (' ', 'th'), ('(', 'th'), ('ระบุ', 'th'), (')', 'th'), ('บันทึก', 'th'), ('โดย', 'th'), (' ', 'th'), ('113', 'eng'), (' ', 'th'), ('.', 'th'), (' ', 'th'), ('ความ', 'th'), ('นาว', 'th'), (' ', 'th'), ('โส', 'th'), (' ', 'th'), ('คร้าม', 'th'), ('ทุ่ง', 'th'), ('สรุป', 'th'), ('ผล', 'th'), ('การประเมิน', 'th'), ('หลักสูตร', 'th'), (' ', 'th'), ('(', 'th'), ('ถ้า', 'th'), ('มี', 'th'), (')', 'th'), ('บันทึก', 'th'), ('โดย', 'th'), ('............', 'th'), ('สรุป', 'th'), ('ผล', 'th'), ('การประเมิน', 'th'), ('วิทยากร', 'th'), (' ', 'th'), ('(', 'th'), ('ถ้า', 'th'), ('มี', 'th'), (')', 'th'), ('บันทึก', 'th'), ('โดย', 'th'), ('วันที่', 'th'), ('วันที่', 'th'), ('วันที่', 'th'), ('(', 'th'), ('ให้', 'th'), ('นำ', 'th'), ('ข้อมูล', 'th'), ('ไป', 'th'), ('บันทึก', 'th'), ('ไว้', 'th'), ('ใน', 'th'), (' ', 'th'), ('“', 'th'), ('รายงาน', 'th'), ('ประวัติการ', 'th'), ('ฝึกอบรม', 'th'), ('/', 'th'), ('ดูงาน', 'th'), ('ของ', 'th'), ('พนักงาน', 'th'), ('""', 'th'), (' ', 'th'), ('ตาม', 'th'), ('ความเหมาะสม', 'th'), (')', 'th'), ('HR-HRD', 'eng'), ('002', 'eng'), ('-', 'th'), ('03', 'eng')]",209,63,[[-0.0236    -0.02972   -0.02925   ... -0.05084    0.01758   -0.0008054]]
Manufactoring_and_quality_control_process,3,,"STECON
บริษัท ชิโน-ไทย เอ็นจีเนียริ่ง แอนด์ คอนสตรัคชั่น จํากัด (มหาชน)
SING-THAI ENGINEERING & CONSTRUCTION PUBLIC COMPANY Ì IMITED
ขั้นตอนการผลิตและควบคุณภาพ
21","['STECON', 'บริษัท', ' ', 'ชิ', 'โน', '-', 'ไทย', ' ', 'เอ็น', 'จี', 'เนียริ่ง', ' ', 'แอนด์', ' ', 'คอน', 'สต', 'รัคชั่น', ' ', 'จํา', 'กัด', ' ', '(', 'มหาชน', ')', 'SING-THAI', ' ', 'ENGINEERING', ' ', '&', ' ', 'CONSTRUCTION', ' ', 'PUBLIC', ' ', 'COMPANY', ' ', 'Ì', ' ', 'IMITED', 'ขั้นตอน', 'การผลิต', 'และ', 'ควบ', 'คุณภาพ', '21']",45,"[('STECON', 'NCMN'), ('บริษัท', 'NCMN'), (' ', 'PUNC'), ('ชิ', 'NPRP'), ('โน', 'NCMN'), ('-', 'PUNC'), ('ไทย', 'NPRP'), (' ', 'PUNC'), ('เอ็น', 'NCMN'), ('จี', 'VACT'), ('เนียริ่ง', 'NCMN'), (' ', 'PUNC'), ('แอนด์', 'NCMN'), (' ', 'PUNC'), ('คอน', 'NCMN'), ('สต', 'NCMN'), ('รัคชั่น', 'NCMN'), (' ', 'PUNC'), ('จํา', 'NCMN'), ('กัด', 'VACT'), (' ', 'PUNC'), ('(', 'PUNC'), ('มหาชน', 'NCMN'), (')', 'PUNC'), ('SING-THAI', 'NCMN'), (' ', 'PUNC'), ('ENGINEERING', 'NCMN'), (' ', 'PUNC'), ('&', 'PUNC'), (' ', 'PUNC'), ('CONSTRUCTION', 'NCMN'), (' ', 'PUNC'), ('PUBLIC', 'NCMN'), (' ', 'PUNC'), ('COMPANY', 'NCMN'), (' ', 'PUNC'), ('Ì', 'NCMN'), (' ', 'PUNC'), ('IMITED', 'NCMN'), ('ขั้นตอน', 'NCMN'), ('การผลิต', 'NCMN'), ('และ', 'JCRG'), ('ควบ', 'NCMN'), ('คุณภาพ', 'NCMN'), ('21', 'NCNM')]","[('STECON', 'eng'), ('บริษัท', 'th'), (' ', 'th'), ('ชิ', 'th'), ('โน', 'th'), ('-', 'th'), ('ไทย', 'th'), (' ', 'th'), ('เอ็น', 'th'), ('จี', 'th'), ('เนียริ่ง', 'th'), (' ', 'th'), ('แอนด์', 'th'), (' ', 'th'), ('คอน', 'th'), ('สต', 'th'), ('รัคชั่น', 'th'), (' ', 'th'), ('จํา', 'th'), ('กัด', 'th'), (' ', 'th'), ('(', 'th'), ('มหาชน', 'th'), (')', 'th'), ('SING-THAI', 'eng'), (' ', 'th'), ('ENGINEERING', 'eng'), (' ', 'th'), ('&', 'th'), (' ', 'th'), ('CONSTRUCTION', 'eng'), (' ', 'th'), ('PUBLIC', 'eng'), (' ', 'th'), ('COMPANY', 'eng'), (' ', 'th'), ('Ì', 'eng'), (' ', 'th'), ('IMITED', 'eng'), ('ขั้นตอน', 'th'), ('การผลิต', 'th'), ('และ', 'th'), ('ควบ', 'th'), ('คุณภาพ', 'th'), ('21', 'eng')]",36,9,[[-0.04852   0.007614  0.0182   ... -0.0424   -0.0364   -0.000534]]
Manufactoring_and_quality_control_process,4,,"STECON
บริษัท ชิโน-ไทย เอ็นจีเนียริ่ง แอนด์ คอนสตรัคชั่น จํากัด (มหาชน)
SINO. THAI ENGINEHƠNG & CONSTRUCTION PUBLIC COMUWNY LIMITED
• การเตรียมโมล
การตรวจสอบก่อนการเทคอนกรีต
1. ตรวจสอบชนิด (type) ของโมลให้ตรงกับแบบและทำความสะอาดโมลโดยใช้ลมเป่า
2. ใช้น้ำยาทาแบบทาบริเวณขอบรอยต่อของโมลก่อนการปิดโมล
3. เน้นการทาน้ำมันบริเวณขอบยาง (rubber) เพื่อป้องกันไม่ให้ยางเกิดความเสียหาย
ขณะเปิด-ปิด
22
22","['STECON', 'บริษัท', ' ', 'ชิ', 'โน', '-', 'ไทย', ' ', 'เอ็น', 'จี', 'เนียริ่ง', ' ', 'แอนด์', ' ', 'คอน', 'สต', 'รัคชั่น', ' ', 'จํา', 'กัด', ' ', '(', 'มหาชน', ')', 'SINO', '.', ' ', 'THAI', ' ', 'ENGINEH', 'ƠNG', ' ', '&', ' ', 'CONSTRUCTION', ' ', 'PUBLIC', ' ', 'COMUWNY', ' ', 'LIMITED', '•', ' ', 'การ', 'เตรียม', 'โม', 'ล', 'การ', 'ตรวจสอบ', 'ก่อน', 'การ', 'เทคอนกรีต', '1', '.', ' ', 'ตรวจสอบ', 'ชนิด', ' ', '(type)', ' ', 'ของ', 'โม', 'ล', 'ให้', 'ตรง', 'กับ', 'แบบ', 'และ', 'ทำความสะอาด', 'โม', 'ล', 'โดย', 'ใช้', 'ลม', 'เป่า', '2', '.', ' ', 'ใช้', 'น้ำ', 'ยาทา', 'แบบ', 'ทา', 'บริเวณ', 'ขอบ', 'รอยต่อ', 'ของ', 'โม', 'ล', 'ก่อน', 'การ', 'ปิด', 'โม', 'ล', '3', '.', ' ', 'เน้น', 'การ', 'ทา', 'น้ำมัน', 'บริเวณ', 'ขอบ', 'ยาง', ' ', '(rubber)', ' ', 'เพื่อ', 'ป้องกัน', 'ไม่', 'ให้', 'ยาง', 'เกิด', 'ความเสียหาย', 'ขณะ', 'เปิด', '-', 'ปิด', '22', '22']",120,"[('STECON', 'NCMN'), ('บริษัท', 'NCMN'), (' ', 'PUNC'), ('ชิ', 'NPRP'), ('โน', 'NCMN'), ('-', 'PUNC'), ('ไทย', 'NPRP'), (' ', 'PUNC'), ('เอ็น', 'NCMN'), ('จี', 'VACT'), ('เนียริ่ง', 'NCMN'), (' ', 'PUNC'), ('แอนด์', 'NCMN'), (' ', 'PUNC'), ('คอน', 'NCMN'), ('สต', 'NCMN'), ('รัคชั่น', 'NCMN'), (' ', 'PUNC'), ('จํา', 'NCMN'), ('กัด', 'VACT'), (' ', 'PUNC'), ('(', 'PUNC'), ('มหาชน', 'NCMN'), (')', 'PUNC'), ('SINO', 'NCMN'), ('.', 'PUNC'), (' ', 'PUNC'), ('THAI', 'NCMN'), (' ', 'PUNC'), ('ENGINEH', 'NCMN'), ('ƠNG', 'NCMN'), (' ', 'PUNC'), ('&', 'PUNC'), (' ', 'PUNC'), ('CONSTRUCTION', 'NCMN'), (' ', 'PUNC'), ('PUBLIC', 'NCMN'), (' ', 'PUNC'), ('COMUWNY', 'NCMN'), (' ', 'PUNC'), ('LIMITED', 'NCMN'), ('•', 'NCMN'), (' ', 'PUNC'), ('การ', 'FIXN'), ('เตรียม', 'VACT'), ('โม', 'NCMN'), ('ล', 'NCMN'), ('การ', 'FIXN'), ('ตรวจสอบ', 'VACT'), ('ก่อน', 'RPRE'), ('การ', 'FIXN'), ('เทคอนกรีต', 'VACT'), ('1', 'NCNM'), ('.', 'PUNC'), (' ', 'PUNC'), ('ตรวจสอบ', 'VACT'), ('ชนิด', 'NCMN'), (' ', 'PUNC'), ('(type)', 'NCMN'), (' ', 'PUNC'), ('ของ', 'RPRE'), ('โม', 'NCMN'), ('ล', 'NCMN'), ('ให้', 'JSBR'), ('ตรง', 'VSTA'), ('กับ', 'RPRE'), ('แบบ', 'NCMN'), ('และ', 'JCRG'), ('ทำความสะอาด', 'NCMN'), ('โม', 'NCMN'), ('ล', 'NCMN'), ('โดย', 'JSBR'), ('ใช้', 'VACT'), ('ลม', 'NCMN'), ('เป่า', 'VACT'), ('2', 'NLBL'), ('.', 'PUNC'), (' ', 'PUNC'), ('ใช้', 'VACT'), ('น้ำ', 'NCMN'), ('ยาทา', 'NCMN'), ('แบบ', 'NCMN'), ('ทา', 'NCMN'), ('บริเวณ', 'NCMN'), ('ขอบ', 'NCMN'), ('รอยต่อ', 'NCMN'), ('ของ', 'RPRE'), ('โม', 'NCMN'), ('ล', 'NCMN'), ('ก่อน', 'RPRE'), ('การ', 'FIXN'), ('ปิด', 'VACT'), ('โม', 'NCMN'), ('ล', 'NCMN'), ('3', 'NCNM'), ('.', 'PUNC'), (' ', 'PUNC'), ('เน้น', 'VSTA'), ('การ', 'FIXN'), ('ทา', 'VACT'), ('น้ำมัน', 'NCMN'), ('บริเวณ', 'NCMN'), ('ขอบ', 'NCMN'), ('ยาง', 'VATT'), (' ', 'PUNC'), ('(rubber)', 'NCMN'), (' ', 'PUNC'), ('เพื่อ', 'JSBR'), ('ป้องกัน', 'VACT'), ('ไม่', 'NEG'), ('ให้', 'JSBR'), ('ยาง', 'VSTA'), ('เกิด', 'VSTA'), ('ความเสียหาย', 'NCMN'), ('ขณะ', 'JSBR'), ('เปิด', 'VACT'), ('-', 'PUNC'), ('ปิด', 'VACT'), ('22', 'DCNM'), ('22', 'NCNM')]","[('STECON', 'eng'), ('บริษัท', 'th'), (' ', 'th'), ('ชิ', 'th'), ('โน', 'th'), ('-', 'th'), ('ไทย', 'th'), (' ', 'th'), ('เอ็น', 'th'), ('จี', 'th'), ('เนียริ่ง', 'th'), (' ', 'th'), ('แอนด์', 'th'), (' ', 'th'), ('คอน', 'th'), ('สต', 'th'), ('รัคชั่น', 'th'), (' ', 'th'), ('จํา', 'th'), ('กัด', 'th'), (' ', 'th'), ('(', 'th'), ('มหาชน', 'th'), (')', 'th'), ('SINO', 'eng'), ('.', 'th'), (' ', 'th'), ('THAI', 'eng'), (' ', 'th'), ('ENGINEH', 'eng'), ('ƠNG', 'eng'), (' ', 'th'), ('&', 'th'), (' ', 'th'), ('CONSTRUCTION', 'eng'), (' ', 'th'), ('PUBLIC', 'eng'), (' ', 'th'), ('COMUWNY', 'eng'), (' ', 'th'), ('LIMITED', 'eng'), ('•', 'th'), (' ', 'th'), ('การ', 'th'), ('เตรียม', 'th'), ('โม', 'th'), ('ล', 'th'), ('การ', 'th'), ('ตรวจสอบ', 'th'), ('ก่อน', 'th'), ('การ', 'th'), ('เทคอนกรีต', 'th'), ('1', 'eng'), ('.', 'th'), (' ', 'th'), ('ตรวจสอบ', 'th'), ('ชนิด', 'th'), (' ', 'th'), ('(type)', 'eng'), (' ', 'th'), ('ของ', 'th'), ('โม', 'th'), ('ล', 'th'), ('ให้', 'th'), ('ตรง', 'th'), ('กับ', 'th'), ('แบบ', 'th'), ('และ', 'th'), ('ทำความสะอาด', 'th'), ('โม', 'th'), ('ล', 'th'), ('โดย', 'th'), ('ใช้', 'th'), ('ลม', 'th'), ('เป่า', 'th'), ('2', 'eng'), ('.', 'th'), (' ', 'th'), ('ใช้', 'th'), ('น้ำ', 'th'), ('ยาทา', 'th'), ('แบบ', 'th'), ('ทา', 'th'), ('บริเวณ', 'th'), ('ขอบ', 'th'), ('รอยต่อ', 'th'), ('ของ', 'th'), ('โม', 'th'), ('ล', 'th'), ('ก่อน', 'th'), ('การ', 'th'), ('ปิด', 'th'), ('โม', 'th'), ('ล', 'th'), ('3', 'eng'), ('.', 'th'), (' ', 'th'), ('เน้น', 'th'), ('การ', 'th'), ('ทา', 'th'), ('น้ำมัน', 'th'), ('บริเวณ', 'th'), ('ขอบ', 'th'), ('ยาง', 'th'), (' ', 'th'), ('(rubber)', 'eng'), (' ', 'th'), ('เพื่อ', 'th'), ('ป้องกัน', 'th'), ('ไม่', 'th'), ('ให้', 'th'), ('ยาง', 'th'), ('เกิด', 'th'), ('ความเสียหาย', 'th'), ('ขณะ', 'th'), ('เปิด', 'th'), ('-', 'th'), ('ปิด', 'th'), ('22', 'eng'), ('22', 'eng')]",104,16,[[-0.03128  0.01146 -0.00984 ... -0.01865 -0.01277 -0.02318]]
Manufactoring_and_quality_control_process,5,,"STECON
บริษัท ซิโน-ไทย เอ็นจีเนียริ่ง แอนด์ คอนสดคชั่น จํากัด (มหาชน)
SING THALINGINEEING & CONSTRUCTION PUBLIC COMPANY I MRTED
4. หลังจากปิดด้านข้าง ทาทั้ง 4ด้านและท้องแบบ
5. ทาน้ำยาทาแบบบริเวณฝาปิดทั้งสองข้าง
NOTE : น้ำยาทาแบบที่ใช้ต้องผ่านการอนุมัติโดยเจ้าของงาน ตัวแทนเจ้าของงาน
6. ทาจารบีที่ POCKET เพื่อป้องกันไม่ให้เกิดความเสียหาย โดยทาให้ครบ
ตามจํานวนของแต่ละโมล
23","['STECON', 'บริษัท', ' ', 'ซิ', 'โน', '-', 'ไทย', ' ', 'เอ็น', 'จี', 'เนียริ่ง', ' ', 'แอนด์', ' ', 'คอน', 'สด', 'คชั่น', ' ', 'จํา', 'กัด', ' ', '(', 'มหาชน', ')', 'SING', ' ', 'THALINGINEEING', ' ', '&', ' ', 'CONSTRUCTION', ' ', 'PUBLIC', ' ', 'COMPANY', ' ', 'I', ' ', 'MRTED', '4', '.', ' ', 'หลังจาก', 'ปิด', 'ด้าน', 'ข้าง', ' ', 'ทา', 'ทั้ง', ' ', '4', 'ด้าน', 'และ', 'ท้อง', 'แบบ', '5', '.', ' ', 'ทา', 'น้ำ', 'ยาทา', 'แบบ', 'บริเวณ', 'ฝา', 'ปิด', 'ทั้งสอง', 'ข้าง', 'NOTE', ' ', ':', ' ', 'น้ำ', 'ยาทา', 'แบบ', 'ที่', 'ใช้', 'ต้อง', 'ผ่าน', 'การอนุมัติ', 'โดย', 'เจ้าของงาน', ' ', 'ตัวแทน', 'เจ้าของงาน', '6', '.', ' ', 'ทา', 'จารบี', 'ที่', ' ', 'POCKET', ' ', 'เพื่อ', 'ป้องกัน', 'ไม่', 'ให้', 'เกิด', 'ความเสียหาย', ' ', 'โดย', 'ทา', 'ให้', 'ครบ', 'ตาม', 'จํานวน', 'ของ', 'แต่ละ', 'โม', 'ล', '23']",111,"[('STECON', 'NCMN'), ('บริษัท', 'NCMN'), (' ', 'PUNC'), ('ซิ', 'NPRP'), ('โน', 'NCMN'), ('-', 'PUNC'), ('ไทย', 'NPRP'), (' ', 'PUNC'), ('เอ็น', 'NCMN'), ('จี', 'VACT'), ('เนียริ่ง', 'NCMN'), (' ', 'PUNC'), ('แอนด์', 'NCMN'), (' ', 'PUNC'), ('คอน', 'NCMN'), ('สด', 'NCMN'), ('คชั่น', 'NCMN'), (' ', 'PUNC'), ('จํา', 'NCMN'), ('กัด', 'VACT'), (' ', 'PUNC'), ('(', 'PUNC'), ('มหาชน', 'NCMN'), (')', 'PUNC'), ('SING', 'NCMN'), (' ', 'PUNC'), ('THALINGINEEING', 'NCMN'), (' ', 'PUNC'), ('&', 'PUNC'), (' ', 'PUNC'), ('CONSTRUCTION', 'NCMN'), (' ', 'PUNC'), ('PUBLIC', 'NCMN'), (' ', 'PUNC'), ('COMPANY', 'NCMN'), (' ', 'PUNC'), ('I', 'NCMN'), (' ', 'PUNC'), ('MRTED', 'NCMN'), ('4', 'NCNM'), ('.', 'PUNC'), (' ', 'PUNC'), ('หลังจาก', 'JSBR'), ('ปิด', 'VACT'), ('ด้าน', 'NCMN'), ('ข้าง', 'NCMN'), (' ', 'PUNC'), ('ทา', 'NCMN'), ('ทั้ง', 'DDBQ'), (' ', 'PUNC'), ('4', 'DCNM'), ('ด้าน', 'CNIT'), ('และ', 'JCRG'), ('ท้อง', 'NCMN'), ('แบบ', 'NCMN'), ('5', 'NCNM'), ('.', 'PUNC'), (' ', 'PUNC'), ('ทา', 'NCMN'), ('น้ำ', 'NCMN'), ('ยาทา', 'VATT'), ('แบบ', 'NCMN'), ('บริเวณ', 'NCMN'), ('ฝา', 'NCMN'), ('ปิด', 'VACT'), ('ทั้งสอง', 'DDAN'), ('ข้าง', 'CNIT'), ('NOTE', 'NCMN'), (' ', 'PUNC'), (':', 'PUNC'), (' ', 'PUNC'), ('น้ำ', 'NCMN'), ('ยาทา', 'NCMN'), ('แบบ', 'NCMN'), ('ที่', 'PREL'), ('ใช้', 'VACT'), ('ต้อง', 'XVMM'), ('ผ่าน', 'VACT'), ('การอนุมัติ', 'NCMN'), ('โดย', 'RPRE'), ('เจ้าของงาน', 'NCMN'), (' ', 'PUNC'), ('ตัวแทน', 'NCMN'), ('เจ้าของงาน', 'NCMN'), ('6', 'NCNM'), ('.', 'PUNC'), (' ', 'PUNC'), ('ทา', 'NCMN'), ('จารบี', 'NCMN'), ('ที่', 'PREL'), (' ', 'PUNC'), ('POCKET', 'NCMN'), (' ', 'PUNC'), ('เพื่อ', 'JSBR'), ('ป้องกัน', 'VACT'), ('ไม่', 'NEG'), ('ให้', 'JSBR'), ('เกิด', 'VSTA'), ('ความเสียหาย', 'NCMN'), (' ', 'PUNC'), ('โดย', 'JSBR'), ('ทา', 'VACT'), ('ให้', 'JSBR'), ('ครบ', 'VSTA'), ('ตาม', 'RPRE'), ('จํานวน', 'NCMN'), ('ของ', 'RPRE'), ('แต่ละ', 'DIBQ'), ('โม', 'NCMN'), ('ล', 'NCMN'), ('23', 'NCNM')]","[('STECON', 'eng'), ('บริษัท', 'th'), (' ', 'th'), ('ซิ', 'th'), ('โน', 'th'), ('-', 'th'), ('ไทย', 'th'), (' ', 'th'), ('เอ็น', 'th'), ('จี', 'th'), ('เนียริ่ง', 'th'), (' ', 'th'), ('แอนด์', 'th'), (' ', 'th'), ('คอน', 'th'), ('สด', 'th'), ('คชั่น', 'th'), (' ', 'th'), ('จํา', 'th'), ('กัด', 'th'), (' ', 'th'), ('(', 'th'), ('มหาชน', 'th'), (')', 'th'), ('SING', 'eng'), (' ', 'th'), ('THALINGINEEING', 'eng'), (' ', 'th'), ('&', 'th'), (' ', 'th'), ('CONSTRUCTION', 'eng'), (' ', 'th'), ('PUBLIC', 'eng'), (' ', 'th'), ('COMPANY', 'eng'), (' ', 'th'), ('I', 'eng'), (' ', 'th'), ('MRTED', 'eng'), ('4', 'eng'), ('.', 'th'), (' ', 'th'), ('หลังจาก', 'th'), ('ปิด', 'th'), ('ด้าน', 'th'), ('ข้าง', 'th'), (' ', 'th'), ('ทา', 'th'), ('ทั้ง', 'th'), (' ', 'th'), ('4', 'eng'), ('ด้าน', 'th'), ('และ', 'th'), ('ท้อง', 'th'), ('แบบ', 'th'), ('5', 'eng'), ('.', 'th'), (' ', 'th'), ('ทา', 'th'), ('น้ำ', 'th'), ('ยาทา', 'th'), ('แบบ', 'th'), ('บริเวณ', 'th'), ('ฝา', 'th'), ('ปิด', 'th'), ('ทั้งสอง', 'th'), ('ข้าง', 'th'), ('NOTE', 'eng'), (' ', 'th'), (':', 'th'), (' ', 'th'), ('น้ำ', 'th'), ('ยาทา', 'th'), ('แบบ', 'th'), ('ที่', 'th'), ('ใช้', 'th'), ('ต้อง', 'th'), ('ผ่าน', 'th'), ('การอนุมัติ', 'th'), ('โดย', 'th'), ('เจ้าของงาน', 'th'), (' ', 'th'), ('ตัวแทน', 'th'), ('เจ้าของงาน', 'th'), ('6', 'eng'), ('.', 'th'), (' ', 'th'), ('ทา', 'th'), ('จารบี', 'th'), ('ที่', 'th'), (' ', 'th'), ('POCKET', 'eng'), (' ', 'th'), ('เพื่อ', 'th'), ('ป้องกัน', 'th'), ('ไม่', 'th'), ('ให้', 'th'), ('เกิด', 'th'), ('ความเสียหาย', 'th'), (' ', 'th'), ('โดย', 'th'), ('ทา', 'th'), ('ให้', 'th'), ('ครบ', 'th'), ('ตาม', 'th'), ('จํานวน', 'th'), ('ของ', 'th'), ('แต่ละ', 'th'), ('โม', 'th'), ('ล', 'th'), ('23', 'eng')]",96,15,[[-0.03029  0.01967  0.0041  ... -0.03098 -0.02266 -0.00986]]
Manufactoring_and_quality_control_process,6,,"STECON
บริษัท ซิโน-ไทย เอ็นจีเนียริ่ง แอนด์ คอนสตรัคชั่น จํากัด (มหาชน)
SINO-THAI ENGINEERUNG & CONSTRUCTION PUBLIC COMPANY LIMITED
7. นำ POCKET ใส่กลับเข้าไปยังตำแหน่งเดิม ให้ครบตามจำนวนของแต่ละโมล
8. ตรวจสอบเหล็กที่ผูกเสร็จแล้วที่ Jig โดยมีวิธีตรวจสอบเหล็กเสริมคอนกรีต ดังนี้
K
จํานวนของเหล็กเสริม
ขนาดของเหล็กเสริม
ระยะห่างของเหล็กเสริม
(ตามที่ระบุไว้ในแบบ)
(ตามที่ระบุไว้ในแบบ)
(ตามที่ระบุไว้ในแบบ)
ตำาแหน่งของเหล็กเสริม
ตำแหน่งลูกปูน (Covering)
การเก็บงานของปลายลวดผูกเหล็ก
(ตามที่ระบุไว้ในแบบ)
สภาพผิวของเหล็กเสริม (สนิม, อื่นๆ)
24","['STECON', 'บริษัท', ' ', 'ซิ', 'โน', '-', 'ไทย', ' ', 'เอ็น', 'จี', 'เนียริ่ง', ' ', 'แอนด์', ' ', 'คอน', 'สต', 'รัคชั่น', ' ', 'จํา', 'กัด', ' ', '(', 'มหาชน', ')', 'SINO-THAI', ' ', 'ENGINEERUNG', ' ', '&', ' ', 'CONSTRUCTION', ' ', 'PUBLIC', ' ', 'COMPANY', ' ', 'LIMITED', '7', '.', ' ', 'นำ', ' ', 'POCKET', ' ', 'ใส่', 'กลับ', 'เข้าไป', 'ยัง', 'ตำแหน่ง', 'เดิม', ' ', 'ให้', 'ครบ', 'ตาม', 'จำนวน', 'ของ', 'แต่ละ', 'โม', 'ล', '8', '.', ' ', 'ตรวจสอบ', 'เหล็ก', 'ที่', 'ผูก', 'เสร็จ', 'แล้ว', 'ที่', ' ', 'Jig', ' ', 'โดย', 'มี', 'วิธี', 'ตรวจสอบ', 'เหล็ก', 'เสริม', 'คอนกรีต', ' ', 'ดังนี้', 'K', 'จํานวน', 'ของ', 'เหล็ก', 'เสริม', 'ขนาด', 'ของ', 'เหล็ก', 'เสริม', 'ระยะห่าง', 'ของ', 'เหล็ก', 'เสริม', '(', 'ตามที่', 'ระบุ', 'ไว้', 'ใน', 'แบบ', ')', '(', 'ตามที่', 'ระบุ', 'ไว้', 'ใน', 'แบบ', ')', '(', 'ตามที่', 'ระบุ', 'ไว้', 'ใน', 'แบบ', ')', 'ตำ', 'า', 'แห', 'น่ง', 'ของ', 'เหล็ก', 'เสริม', 'ตำแหน่ง', 'ลูก', 'ปูน', ' ', '(Covering)', 'การ', 'เก็บงาน', 'ของ', 'ปลาย', 'ลวด', 'ผูก', 'เหล็ก', '(', 'ตามที่', 'ระบุ', 'ไว้', 'ใน', 'แบบ', ')', 'สภาพ', 'ผิว', 'ของ', 'เหล็ก', 'เสริม', ' ', '(', 'สนิม', ',', ' ', 'อื่นๆ', ')', '24']",154,"[('STECON', 'NCMN'), ('บริษัท', 'NCMN'), (' ', 'PUNC'), ('ซิ', 'NPRP'), ('โน', 'NCMN'), ('-', 'PUNC'), ('ไทย', 'NPRP'), (' ', 'PUNC'), ('เอ็น', 'NCMN'), ('จี', 'VACT'), ('เนียริ่ง', 'NCMN'), (' ', 'PUNC'), ('แอนด์', 'NCMN'), (' ', 'PUNC'), ('คอน', 'NCMN'), ('สต', 'NCMN'), ('รัคชั่น', 'NCMN'), (' ', 'PUNC'), ('จํา', 'NCMN'), ('กัด', 'VACT'), (' ', 'PUNC'), ('(', 'PUNC'), ('มหาชน', 'NCMN'), (')', 'PUNC'), ('SINO-THAI', 'NCMN'), (' ', 'PUNC'), ('ENGINEERUNG', 'NCMN'), (' ', 'PUNC'), ('&', 'PUNC'), (' ', 'PUNC'), ('CONSTRUCTION', 'NCMN'), (' ', 'PUNC'), ('PUBLIC', 'NCMN'), (' ', 'PUNC'), ('COMPANY', 'NCMN'), (' ', 'PUNC'), ('LIMITED', 'NCMN'), ('7', 'NCNM'), ('.', 'PUNC'), (' ', 'PUNC'), ('นำ', 'VACT'), (' ', 'PUNC'), ('POCKET', 'NCMN'), (' ', 'PUNC'), ('ใส่', 'VACT'), ('กลับ', 'VACT'), ('เข้าไป', 'XVAE'), ('ยัง', 'RPRE'), ('ตำแหน่ง', 'NCMN'), ('เดิม', 'VATT'), (' ', 'PUNC'), ('ให้', 'JSBR'), ('ครบ', 'VSTA'), ('ตาม', 'RPRE'), ('จำนวน', 'NCMN'), ('ของ', 'RPRE'), ('แต่ละ', 'DIBQ'), ('โม', 'NCMN'), ('ล', 'NCMN'), ('8', 'NCNM'), ('.', 'PUNC'), (' ', 'PUNC'), ('ตรวจสอบ', 'VACT'), ('เหล็ก', 'NCMN'), ('ที่', 'PREL'), ('ผูก', 'VACT'), ('เสร็จ', 'ADVN'), ('แล้ว', 'XVAE'), ('ที่', 'PREL'), (' ', 'PUNC'), ('Jig', 'NPRP'), (' ', 'PUNC'), ('โดย', 'JSBR'), ('มี', 'VSTA'), ('วิธี', 'NCMN'), ('ตรวจสอบ', 'VACT'), ('เหล็ก', 'NCMN'), ('เสริม', 'VACT'), ('คอนกรีต', 'NCMN'), (' ', 'PUNC'), ('ดังนี้', 'JSBR'), ('K', 'NCMN'), ('จํานวน', 'NCMN'), ('ของ', 'RPRE'), ('เหล็ก', 'NCMN'), ('เสริม', 'VACT'), ('ขนาด', 'NCMN'), ('ของ', 'RPRE'), ('เหล็ก', 'NCMN'), ('เสริม', 'VACT'), ('ระยะห่าง', 'NCMN'), ('ของ', 'RPRE'), ('เหล็ก', 'NCMN'), ('เสริม', 'VACT'), ('(', 'PUNC'), ('ตามที่', 'JSBR'), ('ระบุ', 'VACT'), ('ไว้', 'XVAE'), ('ใน', 'RPRE'), ('แบบ', 'NCMN'), (')', 'PUNC'), ('(', 'PUNC'), ('ตามที่', 'JSBR'), ('ระบุ', 'VACT'), ('ไว้', 'XVAE'), ('ใน', 'RPRE'), ('แบบ', 'NCMN'), (')', 'PUNC'), ('(', 'PUNC'), ('ตามที่', 'JSBR'), ('ระบุ', 'VACT'), ('ไว้', 'XVAE'), ('ใน', 'RPRE'), ('แบบ', 'NCMN'), (')', 'PUNC'), ('ตำ', 'NCMN'), ('า', 'NCMN'), ('แห', 'NCMN'), ('น่ง', 'NCMN'), ('ของ', 'RPRE'), ('เหล็ก', 'NCMN'), ('เสริม', 'VACT'), ('ตำแหน่ง', 'NCMN'), ('ลูก', 'NCMN'), ('ปูน', 'NCMN'), (' ', 'PUNC'), ('(Covering)', 'NCMN'), ('การ', 'FIXN'), ('เก็บงาน', 'VACT'), ('ของ', 'RPRE'), ('ปลาย', 'NCMN'), ('ลวด', 'NCMN'), ('ผูก', 'NCMN'), ('เหล็ก', 'NCMN'), ('(', 'PUNC'), ('ตามที่', 'JSBR'), ('ระบุ', 'VACT'), ('ไว้', 'XVAE'), ('ใน', 'RPRE'), ('แบบ', 'NCMN'), (')', 'PUNC'), ('สภาพ', 'NCMN'), ('ผิว', 'NCMN'), ('ของ', 'RPRE'), ('เหล็ก', 'NCMN'), ('เสริม', 'VACT'), (' ', 'PUNC'), ('(', 'PUNC'), ('สนิม', 'NCMN'), (',', 'PUNC'), (' ', 'PUNC'), ('อื่นๆ', 'DIAC'), (')', 'PUNC'), ('24', 'NCNM')]","[('STECON', 'eng'), ('บริษัท', 'th'), (' ', 'th'), ('ซิ', 'th'), ('โน', 'th'), ('-', 'th'), ('ไทย', 'th'), (' ', 'th'), ('เอ็น', 'th'), ('จี', 'th'), ('เนียริ่ง', 'th'), (' ', 'th'), ('แอนด์', 'th'), (' ', 'th'), ('คอน', 'th'), ('สต', 'th'), ('รัคชั่น', 'th'), (' ', 'th'), ('จํา', 'th'), ('กัด', 'th'), (' ', 'th'), ('(', 'th'), ('มหาชน', 'th'), (')', 'th'), ('SINO-THAI', 'eng'), (' ', 'th'), ('ENGINEERUNG', 'eng'), (' ', 'th'), ('&', 'th'), (' ', 'th'), ('CONSTRUCTION', 'eng'), (' ', 'th'), ('PUBLIC', 'eng'), (' ', 'th'), ('COMPANY', 'eng'), (' ', 'th'), ('LIMITED', 'eng'), ('7', 'eng'), ('.', 'th'), (' ', 'th'), ('นำ', 'th'), (' ', 'th'), ('POCKET', 'eng'), (' ', 'th'), ('ใส่', 'th'), ('กลับ', 'th'), ('เข้าไป', 'th'), ('ยัง', 'th'), ('ตำแหน่ง', 'th'), ('เดิม', 'th'), (' ', 'th'), ('ให้', 'th'), ('ครบ', 'th'), ('ตาม', 'th'), ('จำนวน', 'th'), ('ของ', 'th'), ('แต่ละ', 'th'), ('โม', 'th'), ('ล', 'th'), ('8', 'eng'), ('.', 'th'), (' ', 'th'), ('ตรวจสอบ', 'th'), ('เหล็ก', 'th'), ('ที่', 'th'), ('ผูก', 'th'), ('เสร็จ', 'th'), ('แล้ว', 'th'), ('ที่', 'th'), (' ', 'th'), ('Jig', 'eng'), (' ', 'th'), ('โดย', 'th'), ('มี', 'th'), ('วิธี', 'th'), ('ตรวจสอบ', 'th'), ('เหล็ก', 'th'), ('เสริม', 'th'), ('คอนกรีต', 'th'), (' ', 'th'), ('ดังนี้', 'th'), ('K', 'eng'), ('จํานวน', 'th'), ('ของ', 'th'), ('เหล็ก', 'th'), ('เสริม', 'th'), ('ขนาด', 'th'), ('ของ', 'th'), ('เหล็ก', 'th'), ('เสริม', 'th'), ('ระยะห่าง', 'th'), ('ของ', 'th'), ('เหล็ก', 'th'), ('เสริม', 'th'), ('(', 'th'), ('ตามที่', 'th'), ('ระบุ', 'th'), ('ไว้', 'th'), ('ใน', 'th'), ('แบบ', 'th'), (')', 'th'), ('(', 'th'), ('ตามที่', 'th'), ('ระบุ', 'th'), ('ไว้', 'th'), ('ใน', 'th'), ('แบบ', 'th'), (')', 'th'), ('(', 'th'), ('ตามที่', 'th'), ('ระบุ', 'th'), ('ไว้', 'th'), ('ใน', 'th'), ('แบบ', 'th'), (')', 'th'), ('ตำ', 'th'), ('า', 'th'), ('แห', 'th'), ('น่ง', 'th'), ('ของ', 'th'), ('เหล็ก', 'th'), ('เสริม', 'th'), ('ตำแหน่ง', 'th'), ('ลูก', 'th'), ('ปูน', 'th'), (' ', 'th'), ('(Covering)', 'eng'), ('การ', 'th'), ('เก็บงาน', 'th'), ('ของ', 'th'), ('ปลาย', 'th'), ('ลวด', 'th'), ('ผูก', 'th'), ('เหล็ก', 'th'), ('(', 'th'), ('ตามที่', 'th'), ('ระบุ', 'th'), ('ไว้', 'th'), ('ใน', 'th'), ('แบบ', 'th'), (')', 'th'), ('สภาพ', 'th'), ('ผิว', 'th'), ('ของ', 'th'), ('เหล็ก', 'th'), ('เสริม', 'th'), (' ', 'th'), ('(', 'th'), ('สนิม', 'th'), (',', 'th'), (' ', 'th'), ('อื่นๆ', 'th'), (')', 'th'), ('24', 'eng')]",140,14,[[-0.02988  -0.007034 -0.01886  ... -0.05103  -0.0456    0.01149 ]]
Manufactoring_and_quality_control_process,7,,"STECON
บริษัท ชิโน-ไทย เอ็นจีเนียริ่ง แอนด์ คอนสตรัคชั่น จํากัด (มหาชน)
SINO-THA) [NGINFEILING & CONSTRUCTION PUBLIC COMPANY HARTED
9. วางเหล็กที่ตรวจสอบแล้ว ลงในโมล
10. จัดเหล็กให้พอดีกับช่องว่างของ Insert ในโมล และตรวสอบตำแหน่งของลูกปูน
11. ทาจารบีให้ทั่ว Straight Bolt สีเขียวทั้ง 2ตัว ให้ครบตามจำนวนของแต่ละโมล
25","['STECON', 'บริษัท', ' ', 'ชิ', 'โน', '-', 'ไทย', ' ', 'เอ็น', 'จี', 'เนียริ่ง', ' ', 'แอนด์', ' ', 'คอน', 'สต', 'รัคชั่น', ' ', 'จํา', 'กัด', ' ', '(', 'มหาชน', ')', 'SINO-THA', ')', ' ', '[NGINFEILING', ' ', '&', ' ', 'CONSTRUCTION', ' ', 'PUBLIC', ' ', 'COMPANY', ' ', 'HARTED', '9', '.', ' ', 'วาง', 'เหล็ก', 'ที่', 'ตรวจสอบ', 'แล้ว', ' ', 'ลง', 'ใน', 'โม', 'ล', '10', '.', ' ', 'จัด', 'เหล็ก', 'ให้', 'พอดี', 'กับ', 'ช่องว่าง', 'ของ', ' ', 'Insert', ' ', 'ใน', 'โม', 'ล', ' ', 'และ', 'ตรว', 'สอบ', 'ตำแหน่ง', 'ของ', 'ลูก', 'ปูน', '11', '.', ' ', 'ทา', 'จารบี', 'ให้', 'ทั่ว', ' ', 'Straight', ' ', 'Bolt', ' ', 'สี', 'เขียว', 'ทั้ง', ' ', '2', 'ตัว', ' ', 'ให้', 'ครบ', 'ตาม', 'จำนวน', 'ของ', 'แต่ละ', 'โม', 'ล', '25']",103,"[('STECON', 'NCMN'), ('บริษัท', 'NCMN'), (' ', 'PUNC'), ('ชิ', 'NPRP'), ('โน', 'NCMN'), ('-', 'PUNC'), ('ไทย', 'NPRP'), (' ', 'PUNC'), ('เอ็น', 'NCMN'), ('จี', 'VACT'), ('เนียริ่ง', 'NCMN'), (' ', 'PUNC'), ('แอนด์', 'NCMN'), (' ', 'PUNC'), ('คอน', 'NCMN'), ('สต', 'NCMN'), ('รัคชั่น', 'NCMN'), (' ', 'PUNC'), ('จํา', 'NCMN'), ('กัด', 'VACT'), (' ', 'PUNC'), ('(', 'PUNC'), ('มหาชน', 'NCMN'), (')', 'PUNC'), ('SINO-THA', 'NCMN'), (')', 'PUNC'), (' ', 'PUNC'), ('[NGINFEILING', 'NCMN'), (' ', 'PUNC'), ('&', 'PUNC'), (' ', 'PUNC'), ('CONSTRUCTION', 'NCMN'), (' ', 'PUNC'), ('PUBLIC', 'NCMN'), (' ', 'PUNC'), ('COMPANY', 'NCMN'), (' ', 'PUNC'), ('HARTED', 'NCMN'), ('9', 'NCNM'), ('.', 'PUNC'), (' ', 'PUNC'), ('วาง', 'VACT'), ('เหล็ก', 'NCMN'), ('ที่', 'PREL'), ('ตรวจสอบ', 'VACT'), ('แล้ว', 'XVAE'), (' ', 'PUNC'), ('ลง', 'XVAE'), ('ใน', 'RPRE'), ('โม', 'NCMN'), ('ล', 'NCMN'), ('10', 'NCNM'), ('.', 'PUNC'), (' ', 'PUNC'), ('จัด', 'VACT'), ('เหล็ก', 'NCMN'), ('ให้', 'JSBR'), ('พอดี', 'VSTA'), ('กับ', 'RPRE'), ('ช่องว่าง', 'NCMN'), ('ของ', 'RPRE'), (' ', 'PUNC'), ('Insert', 'NCMN'), (' ', 'PUNC'), ('ใน', 'RPRE'), ('โม', 'NCMN'), ('ล', 'NCMN'), (' ', 'PUNC'), ('และ', 'JCRG'), ('ตรว', 'NCMN'), ('สอบ', 'NCMN'), ('ตำแหน่ง', 'NCMN'), ('ของ', 'RPRE'), ('ลูก', 'NCMN'), ('ปูน', 'NCMN'), ('11', 'NCNM'), ('.', 'PUNC'), (' ', 'PUNC'), ('ทา', 'NCMN'), ('จารบี', 'VACT'), ('ให้', 'JSBR'), ('ทั่ว', 'VSTA'), (' ', 'PUNC'), ('Straight', 'NCMN'), (' ', 'PUNC'), ('Bolt', 'NCMN'), (' ', 'PUNC'), ('สี', 'NCMN'), ('เขียว', 'NCMN'), ('ทั้ง', 'DDBQ'), (' ', 'PUNC'), ('2', 'DCNM'), ('ตัว', 'CNIT'), (' ', 'PUNC'), ('ให้', 'JSBR'), ('ครบ', 'VSTA'), ('ตาม', 'RPRE'), ('จำนวน', 'NCMN'), ('ของ', 'RPRE'), ('แต่ละ', 'DIBQ'), ('โม', 'NCMN'), ('ล', 'NCMN'), ('25', 'NCNM')]","[('STECON', 'eng'), ('บริษัท', 'th'), (' ', 'th'), ('ชิ', 'th'), ('โน', 'th'), ('-', 'th'), ('ไทย', 'th'), (' ', 'th'), ('เอ็น', 'th'), ('จี', 'th'), ('เนียริ่ง', 'th'), (' ', 'th'), ('แอนด์', 'th'), (' ', 'th'), ('คอน', 'th'), ('สต', 'th'), ('รัคชั่น', 'th'), (' ', 'th'), ('จํา', 'th'), ('กัด', 'th'), (' ', 'th'), ('(', 'th'), ('มหาชน', 'th'), (')', 'th'), ('SINO-THA', 'eng'), (')', 'th'), (' ', 'th'), ('[NGINFEILING', 'eng'), (' ', 'th'), ('&', 'th'), (' ', 'th'), ('CONSTRUCTION', 'eng'), (' ', 'th'), ('PUBLIC', 'eng'), (' ', 'th'), ('COMPANY', 'eng'), (' ', 'th'), ('HARTED', 'eng'), ('9', 'eng'), ('.', 'th'), (' ', 'th'), ('วาง', 'th'), ('เหล็ก', 'th'), ('ที่', 'th'), ('ตรวจสอบ', 'th'), ('แล้ว', 'th'), (' ', 'th'), ('ลง', 'th'), ('ใน', 'th'), ('โม', 'th'), ('ล', 'th'), ('10', 'eng'), ('.', 'th'), (' ', 'th'), ('จัด', 'th'), ('เหล็ก', 'th'), ('ให้', 'th'), ('พอดี', 'th'), ('กับ', 'th'), ('ช่องว่าง', 'th'), ('ของ', 'th'), (' ', 'th'), ('Insert', 'eng'), (' ', 'th'), ('ใน', 'th'), ('โม', 'th'), ('ล', 'th'), (' ', 'th'), ('และ', 'th'), ('ตรว', 'th'), ('สอบ', 'th'), ('ตำแหน่ง', 'th'), ('ของ', 'th'), ('ลูก', 'th'), ('ปูน', 'th'), ('11', 'eng'), ('.', 'th'), (' ', 'th'), ('ทา', 'th'), ('จารบี', 'th'), ('ให้', 'th'), ('ทั่ว', 'th'), (' ', 'th'), ('Straight', 'eng'), (' ', 'th'), ('Bolt', 'eng'), (' ', 'th'), ('สี', 'th'), ('เขียว', 'th'), ('ทั้ง', 'th'), (' ', 'th'), ('2', 'eng'), ('ตัว', 'th'), (' ', 'th'), ('ให้', 'th'), ('ครบ', 'th'), ('ตาม', 'th'), ('จำนวน', 'th'), ('ของ', 'th'), ('แต่ละ', 'th'), ('โม', 'th'), ('ล', 'th'), ('25', 'eng')]",88,15,[[-0.00942   0.005043  0.001118 ... -0.02701  -0.03296  -0.001906]]
Manufactoring_and_quality_control_process,8,,"STECON
บริษัท ชิโน-ไทย เอ็นจีเนียริ่ง แอนด์ คอนสเอสคชั่น จํากัด (มหาชน)
SINCH THAI ENGINEERING & CONSTRUCTION PUBLIC COMPANY LIMITED
12. นำกลับไปใส่ให้แน่นตามตำแหน่งในฝั่งด้านสั้น
13. ทาจารบีที่ TEMPORARY CURVED BOLT ให้ครบตามจำนวนในแต่ละโมล
14. เตรียม CURVED PLASTIC SHEATH ให้ครบตามจำนวนในแต่ละโมล
26","['STECON', 'บริษัท', ' ', 'ชิ', 'โน', '-', 'ไทย', ' ', 'เอ็น', 'จี', 'เนียริ่ง', ' ', 'แอนด์', ' ', 'คอน', 'ส', 'เอส', 'คชั่น', ' ', 'จํา', 'กัด', ' ', '(', 'มหาชน', ')', 'SINCH', ' ', 'THAI', ' ', 'ENGINEERING', ' ', '&', ' ', 'CONSTRUCTION', ' ', 'PUBLIC', ' ', 'COMPANY', ' ', 'LIMITED', '12', '.', ' ', 'นำ', 'กลับ', 'ไป', 'ใส่', 'ให้', 'แน่น', 'ตาม', 'ตำแหน่ง', 'ใน', 'ฝั่ง', 'ด้าน', 'สั้น', '13', '.', ' ', 'ทา', 'จารบี', 'ที่', ' ', 'TEMPORARY', ' ', 'CURVED', ' ', 'BOLT', ' ', 'ให้', 'ครบ', 'ตาม', 'จำนวน', 'ใน', 'แต่ละ', 'โม', 'ล', '14', '.', ' ', 'เตรียม', ' ', 'CURVED', ' ', 'PLASTIC', ' ', 'SHEATH', ' ', 'ให้', 'ครบ', 'ตาม', 'จำนวน', 'ใน', 'แต่ละ', 'โม', 'ล', '26']",96,"[('STECON', 'NCMN'), ('บริษัท', 'NCMN'), (' ', 'PUNC'), ('ชิ', 'NPRP'), ('โน', 'NCMN'), ('-', 'PUNC'), ('ไทย', 'NPRP'), (' ', 'PUNC'), ('เอ็น', 'NCMN'), ('จี', 'VACT'), ('เนียริ่ง', 'NCMN'), (' ', 'PUNC'), ('แอนด์', 'NCMN'), (' ', 'PUNC'), ('คอน', 'NCMN'), ('ส', 'NCMN'), ('เอส', 'NCMN'), ('คชั่น', 'NCMN'), (' ', 'PUNC'), ('จํา', 'NCMN'), ('กัด', 'VACT'), (' ', 'PUNC'), ('(', 'PUNC'), ('มหาชน', 'NCMN'), (')', 'PUNC'), ('SINCH', 'NCMN'), (' ', 'PUNC'), ('THAI', 'NCMN'), (' ', 'PUNC'), ('ENGINEERING', 'NCMN'), (' ', 'PUNC'), ('&', 'PUNC'), (' ', 'PUNC'), ('CONSTRUCTION', 'NCMN'), (' ', 'PUNC'), ('PUBLIC', 'NCMN'), (' ', 'PUNC'), ('COMPANY', 'NCMN'), (' ', 'PUNC'), ('LIMITED', 'NCMN'), ('12', 'NCNM'), ('.', 'PUNC'), (' ', 'PUNC'), ('นำ', 'VACT'), ('กลับ', 'VACT'), ('ไป', 'XVAE'), ('ใส่', 'VACT'), ('ให้', 'JSBR'), ('แน่น', 'ADVN'), ('ตาม', 'RPRE'), ('ตำแหน่ง', 'NCMN'), ('ใน', 'RPRE'), ('ฝั่ง', 'NCMN'), ('ด้าน', 'NCMN'), ('สั้น', 'VATT'), ('13', 'DCNM'), ('.', 'PUNC'), (' ', 'PUNC'), ('ทา', 'NCMN'), ('จารบี', 'NCMN'), ('ที่', 'PREL'), (' ', 'PUNC'), ('TEMPORARY', 'NCMN'), (' ', 'PUNC'), ('CURVED', 'NCMN'), (' ', 'PUNC'), ('BOLT', 'NCMN'), (' ', 'PUNC'), ('ให้', 'JSBR'), ('ครบ', 'VSTA'), ('ตาม', 'RPRE'), ('จำนวน', 'NCMN'), ('ใน', 'RPRE'), ('แต่ละ', 'DIBQ'), ('โม', 'NCMN'), ('ล', 'NCMN'), ('14', 'NCNM'), ('.', 'PUNC'), (' ', 'PUNC'), ('เตรียม', 'VACT'), (' ', 'PUNC'), ('CURVED', 'NCMN'), (' ', 'PUNC'), ('PLASTIC', 'NCMN'), (' ', 'PUNC'), ('SHEATH', 'NCMN'), (' ', 'PUNC'), ('ให้', 'JSBR'), ('ครบ', 'VSTA'), ('ตาม', 'RPRE'), ('จำนวน', 'NCMN'), ('ใน', 'RPRE'), ('แต่ละ', 'DIBQ'), ('โม', 'NCMN'), ('ล', 'NCMN'), ('26', 'NCNM')]","[('STECON', 'eng'), ('บริษัท', 'th'), (' ', 'th'), ('ชิ', 'th'), ('โน', 'th'), ('-', 'th'), ('ไทย', 'th'), (' ', 'th'), ('เอ็น', 'th'), ('จี', 'th'), ('เนียริ่ง', 'th'), (' ', 'th'), ('แอนด์', 'th'), (' ', 'th'), ('คอน', 'th'), ('ส', 'th'), ('เอส', 'th'), ('คชั่น', 'th'), (' ', 'th'), ('จํา', 'th'), ('กัด', 'th'), (' ', 'th'), ('(', 'th'), ('มหาชน', 'th'), (')', 'th'), ('SINCH', 'eng'), (' ', 'th'), ('THAI', 'eng'), (' ', 'th'), ('ENGINEERING', 'eng'), (' ', 'th'), ('&', 'th'), (' ', 'th'), ('CONSTRUCTION', 'eng'), (' ', 'th'), ('PUBLIC', 'eng'), (' ', 'th'), ('COMPANY', 'eng'), (' ', 'th'), ('LIMITED', 'eng'), ('12', 'eng'), ('.', 'th'), (' ', 'th'), ('นำ', 'th'), ('กลับ', 'th'), ('ไป', 'th'), ('ใส่', 'th'), ('ให้', 'th'), ('แน่น', 'th'), ('ตาม', 'th'), ('ตำแหน่ง', 'th'), ('ใน', 'th'), ('ฝั่ง', 'th'), ('ด้าน', 'th'), ('สั้น', 'th'), ('13', 'eng'), ('.', 'th'), (' ', 'th'), ('ทา', 'th'), ('จารบี', 'th'), ('ที่', 'th'), (' ', 'th'), ('TEMPORARY', 'eng'), (' ', 'th'), ('CURVED', 'eng'), (' ', 'th'), ('BOLT', 'eng'), (' ', 'th'), ('ให้', 'th'), ('ครบ', 'th'), ('ตาม', 'th'), ('จำนวน', 'th'), ('ใน', 'th'), ('แต่ละ', 'th'), ('โม', 'th'), ('ล', 'th'), ('14', 'eng'), ('.', 'th'), (' ', 'th'), ('เตรียม', 'th'), (' ', 'th'), ('CURVED', 'eng'), (' ', 'th'), ('PLASTIC', 'eng'), (' ', 'th'), ('SHEATH', 'eng'), (' ', 'th'), ('ให้', 'th'), ('ครบ', 'th'), ('ตาม', 'th'), ('จำนวน', 'th'), ('ใน', 'th'), ('แต่ละ', 'th'), ('โม', 'th'), ('ล', 'th'), ('26', 'eng')]",78,18,[[-0.0425    0.005154  0.009445 ... -0.02583  -0.04144   0.02097 ]]
Manufactoring_and_quality_control_process,9,,"STECON
บริษัท ชิโน--ไทย เอ็นจีเนียริ่ง แอนด์ คอนสตรัคชั่น จํากัด (มหาชน)
SING THA ENGINEERING & CONSTRUCTION PUBLIC COMPANY LIMITED
15. นำา TEMPORARY CURVED BOLT กลับเข้าไปฝังในโมล พร้อมกับสวม
CURVED PLASTIC SHEATH แล้วหาการยืดให้แน่น
16. นำ PLASTIC SOCKET สวมเกลียวพร้อมขันล็อคให้แน่นสุดเกลียวจนปาก
PLASTIC SOCKET แนบสนิทกับโมล
17. ใช้ Socket Wrench ขัน SOCKET HOLE ตามทิศทางให้แน่น เพื่อป้องกัน
ไม่ให้น้ำปูนไหลเข้าไปด้านใน
27","['STECON', 'บริษัท', ' ', 'ชิ', 'โน', '--', 'ไทย', ' ', 'เอ็น', 'จี', 'เนียริ่ง', ' ', 'แอนด์', ' ', 'คอน', 'สต', 'รัคชั่น', ' ', 'จํา', 'กัด', ' ', '(', 'มหาชน', ')', 'SING', ' ', 'THA', ' ', 'ENGINEERING', ' ', '&', ' ', 'CONSTRUCTION', ' ', 'PUBLIC', ' ', 'COMPANY', ' ', 'LIMITED', '15', '.', ' ', 'นำ', 'า', ' ', 'TEMPORARY', ' ', 'CURVED', ' ', 'BOLT', ' ', 'กลับ', 'เข้าไป', 'ฝังใน', 'โม', 'ล', ' ', 'พร้อมกับ', 'สวม', 'CURVED', ' ', 'PLASTIC', ' ', 'SHEATH', ' ', 'แล้', 'วหา', 'การ', 'ยืด', 'ให้', 'แน่น', '16', '.', ' ', 'นำ', ' ', 'PLASTIC', ' ', 'SOCKET', ' ', 'สวม', 'เกลียว', 'พร้อม', 'ขัน', 'ล็อค', 'ให้', 'แน่น', 'สุด', 'เกลียว', 'จน', 'ปาก', 'PLASTIC', ' ', 'SOCKET', ' ', 'แนบสนิท', 'กับ', 'โม', 'ล', '17', '.', ' ', 'ใช้', ' ', 'Socket', ' ', 'Wrench', ' ', 'ขัน', ' ', 'SOCKET', ' ', 'HOLE', ' ', 'ตาม', 'ทิศทาง', 'ให้', 'แน่น', ' ', 'เพื่อ', 'ป้องกัน', 'ไม่', 'ให้น้ำ', 'ปูน', 'ไหล', 'เข้าไป', 'ด้านใน', '27']",128,"[('STECON', 'NCMN'), ('บริษัท', 'NCMN'), (' ', 'PUNC'), ('ชิ', 'NPRP'), ('โน', 'NCMN'), ('--', 'PUNC'), ('ไทย', 'NPRP'), (' ', 'PUNC'), ('เอ็น', 'NCMN'), ('จี', 'VACT'), ('เนียริ่ง', 'NCMN'), (' ', 'PUNC'), ('แอนด์', 'NCMN'), (' ', 'PUNC'), ('คอน', 'NCMN'), ('สต', 'NCMN'), ('รัคชั่น', 'NCMN'), (' ', 'PUNC'), ('จํา', 'NCMN'), ('กัด', 'VACT'), (' ', 'PUNC'), ('(', 'PUNC'), ('มหาชน', 'NCMN'), (')', 'PUNC'), ('SING', 'NCMN'), (' ', 'PUNC'), ('THA', 'NCMN'), (' ', 'PUNC'), ('ENGINEERING', 'NCMN'), (' ', 'PUNC'), ('&', 'PUNC'), (' ', 'PUNC'), ('CONSTRUCTION', 'NCMN'), (' ', 'PUNC'), ('PUBLIC', 'NCMN'), (' ', 'PUNC'), ('COMPANY', 'NCMN'), (' ', 'PUNC'), ('LIMITED', 'NCMN'), ('15', 'NCNM'), ('.', 'PUNC'), (' ', 'PUNC'), ('นำ', 'VACT'), ('า', 'NCMN'), (' ', 'PUNC'), ('TEMPORARY', 'NCMN'), (' ', 'PUNC'), ('CURVED', 'NCMN'), (' ', 'PUNC'), ('BOLT', 'NCMN'), (' ', 'PUNC'), ('กลับ', 'VACT'), ('เข้าไป', 'XVAE'), ('ฝังใน', 'VACT'), ('โม', 'NCMN'), ('ล', 'NCMN'), (' ', 'PUNC'), ('พร้อมกับ', 'JCRG'), ('สวม', 'NCMN'), ('CURVED', 'NCMN'), (' ', 'PUNC'), ('PLASTIC', 'NCMN'), (' ', 'PUNC'), ('SHEATH', 'NCMN'), (' ', 'PUNC'), ('แล้', 'NCMN'), ('วหา', 'NCMN'), ('การ', 'FIXN'), ('ยืด', 'VACT'), ('ให้', 'JSBR'), ('แน่น', 'NCMN'), ('16', 'NCNM'), ('.', 'PUNC'), (' ', 'PUNC'), ('นำ', 'VACT'), (' ', 'PUNC'), ('PLASTIC', 'NCMN'), (' ', 'PUNC'), ('SOCKET', 'NCMN'), (' ', 'PUNC'), ('สวม', 'NCMN'), ('เกลียว', 'NCMN'), ('พร้อม', 'VSTA'), ('ขัน', 'NCMN'), ('ล็อค', 'NCMN'), ('ให้', 'JSBR'), ('แน่น', 'NCMN'), ('สุด', 'ADVN'), ('เกลียว', 'ADVN'), ('จน', 'JSBR'), ('ปาก', 'VSTA'), ('PLASTIC', 'NCMN'), (' ', 'PUNC'), ('SOCKET', 'NCMN'), (' ', 'PUNC'), ('แนบสนิท', 'NCMN'), ('กับ', 'RPRE'), ('โม', 'NCMN'), ('ล', 'NCMN'), ('17', 'NCNM'), ('.', 'PUNC'), (' ', 'PUNC'), ('ใช้', 'VACT'), (' ', 'PUNC'), ('Socket', 'NCMN'), (' ', 'PUNC'), ('Wrench', 'NCMN'), (' ', 'PUNC'), ('ขัน', 'NCMN'), (' ', 'PUNC'), ('SOCKET', 'NCMN'), (' ', 'PUNC'), ('HOLE', 'NCMN'), (' ', 'PUNC'), ('ตาม', 'RPRE'), ('ทิศทาง', 'NCMN'), ('ให้', 'RPRE'), ('แน่น', 'NCMN'), (' ', 'PUNC'), ('เพื่อ', 'JSBR'), ('ป้องกัน', 'VACT'), ('ไม่', 'NEG'), ('ให้น้ำ', 'VSTA'), ('ปูน', 'NCMN'), ('ไหล', 'VACT'), ('เข้าไป', 'XVAE'), ('ด้านใน', 'JSBR'), ('27', 'NCNM')]","[('STECON', 'eng'), ('บริษัท', 'th'), (' ', 'th'), ('ชิ', 'th'), ('โน', 'th'), ('--', 'th'), ('ไทย', 'th'), (' ', 'th'), ('เอ็น', 'th'), ('จี', 'th'), ('เนียริ่ง', 'th'), (' ', 'th'), ('แอนด์', 'th'), (' ', 'th'), ('คอน', 'th'), ('สต', 'th'), ('รัคชั่น', 'th'), (' ', 'th'), ('จํา', 'th'), ('กัด', 'th'), (' ', 'th'), ('(', 'th'), ('มหาชน', 'th'), (')', 'th'), ('SING', 'eng'), (' ', 'th'), ('THA', 'eng'), (' ', 'th'), ('ENGINEERING', 'eng'), (' ', 'th'), ('&', 'th'), (' ', 'th'), ('CONSTRUCTION', 'eng'), (' ', 'th'), ('PUBLIC', 'eng'), (' ', 'th'), ('COMPANY', 'eng'), (' ', 'th'), ('LIMITED', 'eng'), ('15', 'eng'), ('.', 'th'), (' ', 'th'), ('นำ', 'th'), ('า', 'th'), (' ', 'th'), ('TEMPORARY', 'eng'), (' ', 'th'), ('CURVED', 'eng'), (' ', 'th'), ('BOLT', 'eng'), (' ', 'th'), ('กลับ', 'th'), ('เข้าไป', 'th'), ('ฝังใน', 'th'), ('โม', 'th'), ('ล', 'th'), (' ', 'th'), ('พร้อมกับ', 'th'), ('สวม', 'th'), ('CURVED', 'eng'), (' ', 'th'), ('PLASTIC', 'eng'), (' ', 'th'), ('SHEATH', 'eng'), (' ', 'th'), ('แล้', 'th'), ('วหา', 'th'), ('การ', 'th'), ('ยืด', 'th'), ('ให้', 'th'), ('แน่น', 'th'), ('16', 'eng'), ('.', 'th'), (' ', 'th'), ('นำ', 'th'), (' ', 'th'), ('PLASTIC', 'eng'), (' ', 'th'), ('SOCKET', 'eng'), (' ', 'th'), ('สวม', 'th'), ('เกลียว', 'th'), ('พร้อม', 'th'), ('ขัน', 'th'), ('ล็อค', 'th'), ('ให้', 'th'), ('แน่น', 'th'), ('สุด', 'th'), ('เกลียว', 'th'), ('จน', 'th'), ('ปาก', 'th'), ('PLASTIC', 'eng'), (' ', 'th'), ('SOCKET', 'eng'), (' ', 'th'), ('แนบสนิท', 'th'), ('กับ', 'th'), ('โม', 'th'), ('ล', 'th'), ('17', 'eng'), ('.', 'th'), (' ', 'th'), ('ใช้', 'th'), (' ', 'th'), ('Socket', 'eng'), (' ', 'th'), ('Wrench', 'eng'), (' ', 'th'), ('ขัน', 'th'), (' ', 'th'), ('SOCKET', 'eng'), (' ', 'th'), ('HOLE', 'eng'), (' ', 'th'), ('ตาม', 'th'), ('ทิศทาง', 'th'), ('ให้', 'th'), ('แน่น', 'th'), (' ', 'th'), ('เพื่อ', 'th'), ('ป้องกัน', 'th'), ('ไม่', 'th'), ('ให้น้ำ', 'th'), ('ปูน', 'th'), ('ไหล', 'th'), ('เข้าไป', 'th'), ('ด้านใน', 'th'), ('27', 'eng')]",102,26,[[-0.02121   0.0293   -0.005787 ... -0.01099  -0.0402   -0.006878]]
